{
  "done": true,
  "rows": [
    {
      "box_id": "s0.84_t0",
      "contains_recomputed": true,
      "d0_neg_re_upper_rat": -0.00020839735,
      "d0_neg_re_upper_stored": -0.000227392041239359,
      "d0_neg_re_upper_strict": -0.0002273920468129925,
      "elapsed_sec": 15.57980465888977,
      "object": "M",
      "overlaps_recomputed": true,
      "recomputed_im_lower": -0.06841731579919641,
      "recomputed_im_upper": -0.0634997707111648,
      "recomputed_re_lower": 0.0010263472383920604,
      "recomputed_re_upper": 0.00598550570610479,
      "status": "contains",
      "stored_im_lower": -0.06841731595967573,
      "stored_im_upper": -0.06349977055072885,
      "stored_re_lower": 0.0010263470758084254,
      "stored_re_upper": 0.005985505868610725,
      "strict_sector_nondestructive": true,
      "subbox_id": "s0.84_t0__s00_t020",
      "width_ratio_im": 0.9999999347407591,
      "width_ratio_re": 0.9999999344466303
    },
    {
      "box_id": "s0.84_t0",
      "contains_recomputed": true,
      "d0_neg_re_upper_rat": -0.00020839735,
      "d0_neg_re_upper_stored": -0.000227392041239359,
      "d0_neg_re_upper_strict": -0.0002273920468129925,
      "elapsed_sec": 15.57980465888977,
      "object": "D0",
      "overlaps_recomputed": true,
      "recomputed_im_lower": -0.004980891389633018,
      "recomputed_im_upper": -0.003414516224147908,
      "recomputed_re_lower": 0.010299681341243025,
      "recomputed_re_upper": 0.011865239990395307,
      "status": "contains",
      "stored_im_lower": -0.004980891440149726,
      "stored_im_upper": -0.0034145161736309276,
      "stored_re_lower": 0.010299681290066866,
      "stored_re_upper": 0.01186524004162712,
      "strict_sector_nondestructive": true,
      "subbox_id": "s0.84_t0__s00_t020",
      "width_ratio_im": 0.9999999354984144,
      "width_ratio_re": 0.9999999345869512
    },
    {
      "box_id": "s0.84_t0",
      "contains_recomputed": true,
      "d0_neg_re_upper_rat": -0.00020839735,
      "d0_neg_re_upper_stored": -0.00022833283121680568,
      "d0_neg_re_upper_strict": -0.00022833283678591178,
      "elapsed_sec": 15.62262773513794,
      "object": "M",
      "overlaps_recomputed": true,
      "recomputed_im_lower": -0.06839845273159721,
      "recomputed_im_upper": -0.06348101903709658,
      "recomputed_re_lower": 0.0010314893762821968,
      "recomputed_re_upper": 0.005990616275744358,
      "status": "contains",
      "stored_im_lower": -0.0683984528919323,
      "stored_im_upper": -0.06348101887680402,
      "stored_re_lower": 0.0010314892138398066,
      "stored_re_upper": 0.005990616438109286,
      "strict_sector_nondestructive": true,
      "subbox_id": "s0.84_t0__s00_t021",
      "width_ratio_im": 0.9999999347977729,
      "width_ratio_re": 0.9999999345031286
    },
    {
      "box_id": "s0.84_t0",
      "contains_recomputed": true,
      "d0_neg_re_upper_rat": -0.00020839735,
      "d0_neg_re_upper_stored": -0.00022833283121680568,
      "d0_neg_re_upper_strict": -0.00022833283678591178,
      "elapsed_sec": 15.62262773513794,
      "object": "D0",
      "overlaps_recomputed": true,
      "recomputed_im_lower": -0.004995713442386229,
      "recomputed_im_upper": -0.003429601572562982,
      "recomputed_re_lower": 0.010294079923063349,
      "recomputed_re_upper": 0.011859403618697537,
      "status": "contains",
      "stored_im_lower": -0.004995713492850396,
      "stored_im_upper": -0.003429601522098833,
      "stored_re_lower": 0.010294079871938764,
      "stored_re_upper": 0.01185940366987774,
      "strict_sector_nondestructive": true,
      "subbox_id": "s0.84_t0__s00_t021",
      "width_ratio_im": 0.9999999355548533,
      "width_ratio_re": 0.9999999346430508
    },
    {
      "box_id": "s0.84_t0",
      "contains_recomputed": true,
      "d0_neg_re_upper_rat": -0.00020839735,
      "d0_neg_re_upper_stored": -0.0002292727596359084,
      "d0_neg_re_upper_strict": -0.00022927276520793598,
      "elapsed_sec": 15.646607160568237,
      "object": "M",
      "overlaps_recomputed": true,
      "recomputed_im_lower": -0.06837959861388547,
      "recomputed_im_upper": -0.0634622763591165,
      "recomputed_re_lower": 0.001036655230842014,
      "recomputed_re_upper": 0.005995748570195407,
      "status": "contains",
      "stored_im_lower": -0.06837959877429603,
      "stored_im_upper": -0.06346227619875047,
      "stored_re_lower": 0.0010366550683230421,
      "stored_re_upper": 0.005995748732636674,
      "strict_sector_nondestructive": true,
      "subbox_id": "s0.84_t0__s00_t022",
      "width_ratio_im": 0.9999999347660071,
      "width_ratio_re": 0.999999934471849
    },
    {
      "box_id": "s0.84_t0",
      "contains_recomputed": true,
      "d0_neg_re_upper_rat": -0.00020839735,
      "d0_neg_re_upper_stored": -0.0002292727596359084,
      "d0_neg_re_upper_strict": -0.00022927276520793598,
      "elapsed_sec": 15.646607160568237,
      "object": "D0",
      "overlaps_recomputed": true,
      "recomputed_im_lower": -0.005010527674114359,
      "recomputed_im_upper": -0.0034446791570934363,
      "recomputed_re_lower": 0.010288458752266002,
      "recomputed_re_upper": 0.0118535466333392,
      "status": "contains",
      "stored_im_lower": -0.005010527724594451,
      "stored_im_upper": -0.003444679106612887,
      "stored_re_lower": 0.010288458701124248,
      "stored_re_upper": 0.01185354668453664,
      "strict_sector_nondestructive": true,
      "subbox_id": "s0.84_t0__s00_t022",
      "width_ratio_im": 0.9999999355233702,
      "width_ratio_re": 0.9999999346112196
    },
    {
      "box_id": "s0.84_t0",
      "contains_recomputed": true,
      "d0_neg_re_upper_rat": -0.00020839735,
      "d0_neg_re_upper_stored": -0.00023021178315110727,
      "d0_neg_re_upper_strict": -0.00023021178872281899,
      "elapsed_sec": 15.486035346984863,
      "object": "M",
      "overlaps_recomputed": true,
      "recomputed_im_lower": -0.06836075459474401,
      "recomputed_im_upper": -0.06344354157263048,
      "recomputed_re_lower": 0.0010418439574055418,
      "recomputed_re_upper": 0.006000903395486992,
      "status": "contains",
      "stored_im_lower": -0.06836075475513506,
      "stored_im_upper": -0.06344354141228431,
      "stored_re_lower": 0.0010418437949018563,
      "stored_re_upper": 0.006000903557911689,
      "strict_sector_nondestructive": true,
      "subbox_id": "s0.84_t0__s00_t023",
      "width_ratio_im": 0.9999999347725648,
      "width_ratio_re": 0.999999934477825
    },
    {
      "box_id": "s0.84_t0",
      "contains_recomputed": true,
      "d0_neg_re_upper_rat": -0.00020839735,
      "d0_neg_re_upper_stored": -0.00023021178315110727,
      "d0_neg_re_upper_strict": -0.00023021178872281899,
      "elapsed_sec": 15.486035346984863,
      "object": "D0",
      "overlaps_recomputed": true,
      "recomputed_im_lower": -0.005025334519885732,
      "recomputed_im_upper": -0.0034597484939794146,
      "recomputed_re_lower": 0.010282817545655952,
      "recomputed_re_upper": 0.011847669352183397,
      "status": "contains",
      "stored_im_lower": -0.005025334570351905,
      "stored_im_upper": -0.003459748443512988,
      "stored_re_lower": 0.010282817494527053,
      "stored_re_upper": 0.011847669403368004,
      "strict_sector_nondestructive": true,
      "subbox_id": "s0.84_t0__s00_t023",
      "width_ratio_im": 0.9999999355304714,
      "width_ratio_re": 0.9999999346177705
    },
    {
      "box_id": "s0.84_t0",
      "contains_recomputed": true,
      "d0_neg_re_upper_rat": -0.00020839735,
      "d0_neg_re_upper_stored": -0.00023114995865359194,
      "d0_neg_re_upper_strict": -0.00023114996422347208,
      "elapsed_sec": 15.80454969406128,
      "object": "M",
      "overlaps_recomputed": true,
      "recomputed_im_lower": -0.06834191887547099,
      "recomputed_im_upper": -0.06342481651929009,
      "recomputed_re_lower": 0.0010470560680495475,
      "recomputed_re_upper": 0.006006080243574851,
      "status": "contains",