{
  "done": true,
  "rows": [
    {
      "box_id": "s0.84_t0",
      "contains_recomputed": true,
      "d0_neg_re_upper_rat": -0.00020839735,
      "d0_neg_re_upper_stored": -0.00020839735021895822,
      "d0_neg_re_upper_strict": -0.00020839735578166672,
      "elapsed_sec": 16.251071214675903,
      "object": "M",
      "overlaps_recomputed": true,
      "recomputed_im_lower": -0.06879631529925943,
      "recomputed_im_upper": -0.06387675068767745,
      "recomputed_re_lower": 0.0009283175295224187,
      "recomputed_re_upper": 0.005888042636992991,
      "status": "contains",
      "stored_im_lower": -0.06879631545965575,
      "stored_im_upper": -0.06387675052732512,
      "stored_re_lower": 0.0009283173670682086,
      "stored_re_upper": 0.005888042799368323,
      "strict_sector_nondestructive": true,
      "subbox_id": "s0.84_t0__s00_t000",
      "width_ratio_im": 0.9999999348014196,
      "width_ratio_re": 0.9999999345065476
    },
    {
      "box_id": "s0.84_t0",
      "contains_recomputed": true,
      "d0_neg_re_upper_rat": -0.00020839735,
      "d0_neg_re_upper_stored": -0.00020839735021895822,
      "d0_neg_re_upper_strict": -0.00020839735578166672,
      "elapsed_sec": 16.251071214675903,
      "object": "D0",
      "overlaps_recomputed": true,
      "recomputed_im_lower": -0.004682831675598507,
      "recomputed_im_upper": -0.003111239844782458,
      "recomputed_re_lower": 0.01040749914822106,
      "recomputed_re_upper": 0.01197767112330132,
      "status": "contains",
      "stored_im_lower": -0.004682831726235204,
      "stored_im_upper": -0.0031112397941450917,
      "stored_re_lower": 0.010407499096946604,
      "stored_re_upper": 0.01197767117463162,
      "strict_sector_nondestructive": true,
      "subbox_id": "s0.84_t0__s00_t000",
      "width_ratio_im": 0.9999999355595678,
      "width_ratio_re": 0.9999999346538142
    },
    {
      "box_id": "s0.84_t0",
      "contains_recomputed": true,
      "d0_neg_re_upper_rat": -0.00020839735,
      "d0_neg_re_upper_stored": -0.00020935511244955598,
      "d0_neg_re_upper_strict": -0.00020935511801733933,
      "elapsed_sec": 16.359697818756104,
      "object": "M",
      "overlaps_recomputed": true,
      "recomputed_im_lower": -0.0687772868494349,
      "recomputed_im_upper": -0.06385781677439503,
      "recomputed_re_lower": 0.0009330018141418331,
      "recomputed_re_upper": 0.0058926995878313725,
      "status": "contains",
      "stored_im_lower": -0.06877728700996727,
      "stored_im_upper": -0.06385781661390692,
      "stored_re_lower": 0.0009330016515505053,
      "stored_re_upper": 0.005892699750346152,
      "strict_sector_nondestructive": true,
      "subbox_id": "s0.84_t0__s00_t001",
      "width_ratio_im": 0.9999999347449119,
      "width_ratio_re": 0.9999999344504241
    },
    {
      "box_id": "s0.84_t0",
      "contains_recomputed": true,
      "d0_neg_re_upper_rat": -0.00020839735,
      "d0_neg_re_upper_stored": -0.00020935511244955598,
      "d0_neg_re_upper_strict": -0.00020935511801733933,
      "elapsed_sec": 16.359697818756104,
      "object": "D0",
      "overlaps_recomputed": true,
      "recomputed_im_lower": -0.004697805859230522,
      "recomputed_im_upper": -0.0031264732189233563,
      "recomputed_re_lower": 0.010402299242107553,
      "recomputed_re_upper": 0.01197224471596947,
      "status": "contains",
      "stored_im_lower": -0.004697805909903651,
      "stored_im_upper": -0.00312647316824982,
      "stored_re_lower": 0.010402299190795621,
      "stored_re_upper": 0.01197224476733713,
      "strict_sector_nondestructive": true,
      "subbox_id": "s0.84_t0__s00_t001",
      "width_ratio_im": 0.9999999355027345,
      "width_ratio_re": 0.9999999345967187
    },
    {
      "box_id": "s0.84_t0",
      "contains_recomputed": true,
      "d0_neg_re_upper_rat": -0.00020839735,
      "d0_neg_re_upper_stored": -0.00021031205305856933,
      "d0_neg_re_upper_strict": -0.00021031205862192802,
      "elapsed_sec": 15.634783506393433,
      "object": "M",
      "overlaps_recomputed": true,
      "recomputed_im_lower": -0.06875826712357584,
      "recomputed_im_upper": -0.06383889101515039,
      "recomputed_re_lower": 0.0009377090792293464,
      "recomputed_re_upper": 0.005897379258658862,
      "status": "contains",
      "stored_im_lower": -0.06875826728396492,
      "stored_im_upper": -0.06383889085480456,
      "stored_re_lower": 0.0009377089167767331,
      "stored_re_upper": 0.00589737942103428,
      "strict_sector_nondestructive": true,
      "subbox_id": "s0.84_t0__s00_t002",
      "width_ratio_im": 0.9999999348017141,
      "width_ratio_re": 0.9999999345061269
    },
    {
      "box_id": "s0.84_t0",
      "contains_recomputed": true,
      "d0_neg_re_upper_rat": -0.00020839735,
      "d0_neg_re_upper_stored": -0.00021031205305856933,
      "d0_neg_re_upper_strict": -0.00021031205862192802,
      "elapsed_sec": 15.634783506393433,
      "object": "D0",
      "overlaps_recomputed": true,
      "recomputed_im_lower": -0.004712772481942608,
      "recomputed_im_upper": -0.0031416996697732724,
      "recomputed_re_lower": 0.010397079464992173,
      "recomputed_re_upper": 0.011966797405636102,
      "status": "contains",
      "stored_im_lower": -0.004712772532563287,
      "stored_im_upper": -0.0031416996191524493,
      "stored_re_lower": 0.010397079413731117,
      "stored_re_upper": 0.011966797456952782,
      "strict_sector_nondestructive": true,
      "subbox_id": "s0.84_t0__s00_t002",
      "width_ratio_im": 0.9999999355590045,
      "width_ratio_re": 0.9999999346521264
    },
    {
      "box_id": "s0.84_t0",
      "contains_recomputed": true,
      "d0_neg_re_upper_rat": -0.00020839735,
      "d0_neg_re_upper_stored": -0.00021126810642885092,
      "d0_neg_re_upper_strict": -0.0002112681119973398,
      "elapsed_sec": 15.741397619247437,
      "object": "M",
      "overlaps_recomputed": true,
      "recomputed_im_lower": -0.06873925590810535,
      "recomputed_im_upper": -0.06381997370196504,
      "recomputed_re_lower": 0.0009424386551160784,
      "recomputed_re_upper": 0.005902082283574279,
      "status": "contains",
      "stored_im_lower": -0.06873925606863533,
      "stored_im_upper": -0.06381997354147986,
      "stored_re_lower": 0.000942438492522254,
      "stored_re_upper": 0.005902082446090731,
      "strict_sector_nondestructive": true,
      "subbox_id": "s0.84_t0__s00_t003",
      "width_ratio_im": 0.9999999347435002,
      "width_ratio_re": 0.9999999344488678
    },
    {
      "box_id": "s0.84_t0",
      "contains_recomputed": true,
      "d0_neg_re_upper_rat": -0.00020839735,
      "d0_neg_re_upper_stored": -0.00021126810642885092,
      "d0_neg_re_upper_strict": -0.0002112681119973398,
      "elapsed_sec": 15.741397619247437,
      "object": "D0",
      "overlaps_recomputed": true,
      "recomputed_im_lower": -0.004727732419677886,
      "recomputed_im_upper": -0.00315691826335294,
      "recomputed_re_lower": 0.010391839732581662,
      "recomputed_re_upper": 0.011961329317352422,
      "status": "contains",
      "stored_im_lower": -0.004727732470334874,
      "stored_im_upper": -0.003156918212695858,
      "stored_re_lower": 0.010391839681283491,
      "stored_re_upper": 0.011961329368706156,
      "strict_sector_nondestructive": true,
      "subbox_id": "s0.84_t0__s00_t003",
      "width_ratio_im": 0.9999999355021967,
      "width_ratio_re": 0.9999999345953623
    },
    {
      "box_id": "s0.84_t0",
      "contains_recomputed": true,
      "d0_neg_re_upper_rat": -0.00020839735,
      "d0_neg_re_upper_stored": -0.00021222333458011312,
      "d0_neg_re_upper_strict": -0.00021222334014414046,
      "elapsed_sec": 15.560627698898315,
      "object": "M",
      "overlaps_recomputed": true,
      "recomputed_im_lower": -0.06872025235942704,
      "recomputed_im_upper": -0.06380106569049475,
      "recomputed_re_lower": 0.0009471912196475857,
      "recomputed_re_upper": 0.005906808005312398,
      "status": "contains",