{
  "done": true,
  "rows": [
    {
      "box_id": "s0.84_t0",
      "contains_recomputed": true,
      "d0_neg_re_upper_rat": -0.00020839735,
      "d0_neg_re_upper_stored": -0.00021793736515272695,
      "d0_neg_re_upper_strict": -0.00021793737072130052,
      "elapsed_sec": 15.804999828338623,
      "object": "M",
      "overlaps_recomputed": true,
      "recomputed_im_lower": -0.06860639604890943,
      "recomputed_im_upper": -0.06368781240393631,
      "recomputed_re_lower": 0.0009761951245858484,
      "recomputed_re_upper": 0.005935632337738111,
      "status": "contains",
      "stored_im_lower": -0.06860639620935494,
      "stored_im_upper": -0.06368781224353463,
      "stored_re_lower": 0.000976194962060148,
      "stored_re_upper": 0.005935632500186251,
      "strict_sector_nondestructive": true,
      "subbox_id": "s0.84_t0__s00_t010",
      "width_ratio_im": 0.9999999347683837,
      "width_ratio_re": 0.9999999344736499
    },
    {
      "box_id": "s0.84_t0",
      "contains_recomputed": true,
      "d0_neg_re_upper_rat": -0.00020839735,
      "d0_neg_re_upper_stored": -0.00021793736515272695,
      "d0_neg_re_upper_strict": -0.00021793737072130052,
      "elapsed_sec": 15.804999828338623,
      "object": "D0",
      "overlaps_recomputed": true,
      "recomputed_im_lower": -0.004832238417140255,
      "recomputed_im_upper": -0.0032632501889933167,
      "recomputed_re_lower": 0.010354594705364081,
      "recomputed_re_upper": 0.011922480336894853,
      "status": "contains",
      "stored_im_lower": -0.004832238467719689,
      "stored_im_upper": -0.003263250138413407,
      "stored_re_lower": 0.01035459465413538,
      "stored_re_upper": 0.011922480388179314,
      "strict_sector_nondestructive": true,
      "subbox_id": "s0.84_t0__s00_t010",
      "width_ratio_im": 0.999999935525751,
      "width_ratio_re": 0.9999999346169426
    },
    {
      "box_id": "s0.84_t0",
      "contains_recomputed": true,
      "d0_neg_re_upper_rat": -0.00020839735,
      "d0_neg_re_upper_stored": -0.00021888675599487491,
      "d0_neg_re_upper_strict": -0.00021888676156317312,
      "elapsed_sec": 15.865030527114868,
      "object": "M",
      "overlaps_recomputed": true,
      "recomputed_im_lower": -0.0685874484172681,
      "recomputed_im_upper": -0.06366896887470481,
      "recomputed_re_lower": 0.0009811109777431717,
      "recomputed_re_upper": 0.005940514143604352,
      "status": "contains",
      "stored_im_lower": -0.06858744857769443,
      "stored_im_upper": -0.0636689687143228,
      "stored_re_lower": 0.0009811108152340832,
      "stored_re_upper": 0.005940514306034255,
      "strict_sector_nondestructive": true,
      "subbox_id": "s0.84_t0__s00_t011",
      "width_ratio_im": 0.9999999347749006,
      "width_ratio_re": 0.9999999344802268
    },
    {
      "box_id": "s0.84_t0",
      "contains_recomputed": true,
      "d0_neg_re_upper_rat": -0.00020839735,
      "d0_neg_re_upper_stored": -0.00021888675599487491,
      "d0_neg_re_upper_strict": -0.00021888676156317312,
      "elapsed_sec": 15.865030527114868,
      "object": "D0",
      "overlaps_recomputed": true,
      "recomputed_im_lower": -0.004847137729425303,
      "recomputed_im_upper": -0.0032784110995719685,
      "recomputed_re_lower": 0.01034919346254738,
      "recomputed_re_upper": 0.011916848506619025,
      "status": "contains",
      "stored_im_lower": -0.00484713777999099,
      "stored_im_upper": -0.003278411049005872,
      "stored_re_lower": 0.010349193411331094,
      "stored_re_upper": 0.011916848557890975,
      "strict_sector_nondestructive": true,
      "subbox_id": "s0.84_t0__s00_t011",
      "width_ratio_im": 0.9999999355325683,
      "width_ratio_re": 0.9999999346232258
    },
    {
      "box_id": "s0.84_t0",
      "contains_recomputed": true,
      "d0_neg_re_upper_rat": -0.00020839735,
      "d0_neg_re_upper_stored": -0.0002198353108062835,
      "d0_neg_re_upper_strict": -0.000219835316372804,
      "elapsed_sec": 15.577808141708374,
      "object": "M",
      "overlaps_recomputed": true,
      "recomputed_im_lower": -0.06856851009437763,
      "recomputed_im_upper": -0.06365013343691077,
      "recomputed_re_lower": 0.0009860499994345008,
      "recomputed_re_upper": 0.005945418297506881,
      "status": "contains",
      "stored_im_lower": -0.06856851025474295,
      "stored_im_upper": -0.06365013327659112,
      "stored_re_lower": 0.0009860498369874348,
      "stored_re_upper": 0.00594541845987714,
      "strict_sector_nondestructive": true,
      "subbox_id": "s0.84_t0__s00_t012",
      "width_ratio_im": 0.9999999347986204,
      "width_ratio_re": 0.9999999345042989
    },
    {
      "box_id": "s0.84_t0",
      "contains_recomputed": true,
      "d0_neg_re_upper_rat": -0.00020839735,
      "d0_neg_re_upper_stored": -0.0002198353108062835,
      "d0_neg_re_upper_strict": -0.000219835316372804,
      "elapsed_sec": 15.577808141708374,
      "object": "D0",
      "overlaps_recomputed": true,
      "recomputed_im_lower": -0.004862029195077545,
      "recomputed_im_upper": -0.003293564814427957,
      "recomputed_re_lower": 0.010343772088691418,
      "recomputed_re_upper": 0.011911196238613331,
      "status": "contains",
      "stored_im_lower": -0.004862029245615406,
      "stored_im_upper": -0.0032935647638894254,
      "stored_re_lower": 0.010343772037501586,
      "stored_re_upper": 0.01191119628985892,
      "strict_sector_nondestructive": true,
      "subbox_id": "s0.84_t0__s00_t012",
      "width_ratio_im": 0.9999999355571043,
      "width_ratio_re": 0.9999999346472909
    },
    {
      "box_id": "s0.84_t0",
      "contains_recomputed": true,
      "d0_neg_re_upper_rat": -0.00020839735,
      "d0_neg_re_upper_stored": -0.00022078298040979752,
      "d0_neg_re_upper_strict": -0.0002207829859813602,
      "elapsed_sec": 15.668939113616943,
      "object": "M",
      "overlaps_recomputed": true,
      "recomputed_im_lower": -0.06854958114267976,
      "recomputed_im_upper": -0.06363130609541896,
      "recomputed_re_lower": 0.00099101065128245,
      "recomputed_re_upper": 0.005950346517133855,
      "status": "contains",
      "stored_im_lower": -0.06854958130317797,
      "stored_im_upper": -0.0636313059349642,
      "stored_re_lower": 0.00099101048869718,
      "stored_re_upper": 0.005950346679641479,
      "strict_sector_nondestructive": true,
      "subbox_id": "s0.84_t0__s00_t013",
      "width_ratio_im": 0.999999934742781,
      "width_ratio_re": 0.9999999344483049
    },
    {
      "box_id": "s0.84_t0",
      "contains_recomputed": true,
      "d0_neg_re_upper_rat": -0.00020839735,
      "d0_neg_re_upper_stored": -0.00022078298040979752,
      "d0_neg_re_upper_strict": -0.0002207829859813602,
      "elapsed_sec": 15.668939113616943,
      "object": "D0",
      "overlaps_recomputed": true,
      "recomputed_im_lower": -0.004876913295306658,
      "recomputed_im_upper": -0.003308710804970938,
      "recomputed_re_lower": 0.010338330840975843,
      "recomputed_re_upper": 0.011905523294837255,
      "status": "contains",
      "stored_im_lower": -0.004876913345880699,
      "stored_im_upper": -0.003308710754396517,
      "stored_re_lower": 0.010338330789749713,
      "stored_re_upper": 0.011905523346119084,
      "strict_sector_nondestructive": true,
      "subbox_id": "s0.84_t0__s00_t013",
      "width_ratio_im": 0.9999999355003856,
      "width_ratio_re": 0.9999999345913441
    },
    {
      "box_id": "s0.84_t0",
      "contains_recomputed": true,
      "d0_neg_re_upper_rat": -0.00020839735,
      "d0_neg_re_upper_stored": -0.0002217296922158017,
      "d0_neg_re_upper_strict": -0.000221729697782832,
      "elapsed_sec": 15.763531923294067,
      "object": "M",
      "overlaps_recomputed": true,
      "recomputed_im_lower": -0.06853066174209844,
      "recomputed_im_upper": -0.06361248671152062,
      "recomputed_re_lower": 0.0009959911920252433,
      "recomputed_re_upper": 0.005955300270608358,
      "status": "contains",