{
  "done": true,
  "rows": [
    {
      "box_id": "s0.84_t0",
      "contains_recomputed": true,
      "d0_neg_re_upper_rat": -0.00020839735,
      "d0_neg_re_upper_stored": -0.00023676107810009032,
      "d0_neg_re_upper_strict": -0.0002367610836762303,
      "elapsed_sec": 15.90139126777649,
      "object": "M",
      "overlaps_recomputed": true,
      "recomputed_im_lower": -0.06822907849443968,
      "recomputed_im_upper": -0.06331267394872755,
      "recomputed_re_lower": 0.0010788249873107147,
      "recomputed_re_upper": 0.006037597588510184,
      "status": "contains",
      "stored_im_lower": -0.06822907865488531,
      "stored_im_upper": -0.06331267378832557,
      "stored_re_lower": 0.001078824824735395,
      "stored_re_upper": 0.006037597751007831,
      "strict_sector_nondestructive": true,
      "subbox_id": "s0.84_t0__s00_t030",
      "width_ratio_im": 0.9999999347393835,
      "width_ratio_re": 0.9999999344448774
    },
    {
      "box_id": "s0.84_t0",
      "contains_recomputed": true,
      "d0_neg_re_upper_rat": -0.00020839735,
      "d0_neg_re_upper_stored": -0.00023676107810009032,
      "d0_neg_re_upper_strict": -0.0002367610836762303,
      "elapsed_sec": 15.90139126777649,
      "object": "D0",
      "overlaps_recomputed": true,
      "recomputed_im_lower": -0.005128754225248148,
      "recomputed_im_upper": -0.003565019672276548,
      "recomputed_re_lower": 0.010242769388375721,
      "recomputed_re_upper": 0.011805960499065305,
      "status": "contains",
      "stored_im_lower": -0.0051287542756802505,
      "stored_im_upper": -0.0035650196218438178,
      "stored_re_lower": 0.010242769337273671,
      "stored_re_upper": 0.011805960550223153,
      "strict_sector_nondestructive": true,
      "subbox_id": "s0.84_t0__s00_t030",
      "width_ratio_im": 0.9999999354974759,
      "width_ratio_re": 0.9999999345826052
    },
    {
      "box_id": "s0.84_t0",
      "contains_recomputed": true,
      "d0_neg_re_upper_rat": -0.00020839735,
      "d0_neg_re_upper_stored": -0.00023769323385872587,
      "d0_neg_re_upper_strict": -0.00023769323943036792,
      "elapsed_sec": 15.68314266204834,
      "object": "M",
      "overlaps_recomputed": true,
      "recomputed_im_lower": -0.06821030753243952,
      "recomputed_im_upper": -0.06329401196909962,
      "recomputed_re_lower": 0.0010841984964506373,
      "recomputed_re_upper": 0.00604293041659364,
      "status": "contains",
      "stored_im_lower": -0.06821030769274486,
      "stored_im_upper": -0.06329401180883855,
      "stored_re_lower": 0.0010841983340162185,
      "stored_re_upper": 0.006042930578951231,
      "strict_sector_nondestructive": true,
      "subbox_id": "s0.84_t0__s00_t031",
      "width_ratio_im": 0.9999999347951355,
      "width_ratio_re": 0.9999999345009988
    },
    {
      "box_id": "s0.84_t0",
      "contains_recomputed": true,
      "d0_neg_re_upper_rat": -0.00020839735,
      "d0_neg_re_upper_stored": -0.00023769323385872587,
      "d0_neg_re_upper_strict": -0.00023769323943036792,
      "elapsed_sec": 15.68314266204834,
      "object": "D0",
      "overlaps_recomputed": true,
      "recomputed_im_lower": -0.005143495035674335,
      "recomputed_im_upper": -0.0035800279985099227,
      "recomputed_re_lower": 0.010236967206797712,
      "recomputed_re_upper": 0.011799922281928681,
      "status": "contains",
      "stored_im_lower": -0.005143495086054788,
      "stored_im_upper": -0.0035800279481292266,
      "stored_re_lower": 0.010236967155746375,
      "stored_re_upper": 0.011799922333035758,
      "strict_sector_nondestructive": true,
      "subbox_id": "s0.84_t0__s00_t031",
      "width_ratio_im": 0.9999999355527551,
      "width_ratio_re": 0.9999999346376561
    },
    {
      "box_id": "s0.84_t1",
      "contains_recomputed": true,
      "d0_neg_re_upper_rat": -0.000246041755,
      "d0_neg_re_upper_stored": -0.0002460417550541723,
      "d0_neg_re_upper_strict": -0.0002460417606277149,
      "elapsed_sec": 16.110335111618042,
      "object": "M",
      "overlaps_recomputed": true,
      "recomputed_im_lower": -0.06804183655616378,
      "recomputed_im_upper": -0.06312642208627788,
      "recomputed_re_lower": 0.0011335677366216652,
      "recomputed_re_upper": 0.006091954080019411,
      "status": "contains",
      "stored_im_lower": -0.06804183671644125,
      "stored_im_upper": -0.06312642192604345,
      "stored_re_lower": 0.001133567574197783,
      "stored_re_upper": 0.006091954242365715,
      "strict_sector_nondestructive": true,
      "subbox_id": "s0.84_t1__s00_t000",
      "width_ratio_im": 0.9999999347945375,
      "width_ratio_re": 0.999999934500835
    },
    {
      "box_id": "s0.84_t1",
      "contains_recomputed": true,
      "d0_neg_re_upper_rat": -0.000246041755,
      "d0_neg_re_upper_stored": -0.0002460417550541723,
      "d0_neg_re_upper_strict": -0.0002460417606277149,
      "elapsed_sec": 16.110335111618042,
      "object": "D0",
      "overlaps_recomputed": true,
      "recomputed_im_lower": -0.005275802082716241,
      "recomputed_im_upper": -0.003714731003699559,
      "recomputed_re_lower": 0.010183849618421743,
      "recomputed_re_upper": 0.011744672576770416,
      "status": "contains",
      "stored_im_lower": -0.005275802133020005,
      "stored_im_upper": -0.003714730953395739,
      "stored_re_lower": 0.010183849567437885,
      "stored_re_upper": 0.011744672627809866,
      "strict_sector_nondestructive": true,
      "subbox_id": "s0.84_t1__s00_t000",
      "width_ratio_im": 0.9999999355522123,
      "width_ratio_re": 0.9999999346349302
    },
    {
      "box_id": "s0.84_t1",
      "contains_recomputed": true,
      "d0_neg_re_upper_rat": -0.000246041755,
      "d0_neg_re_upper_stored": -0.00024696487762427904,
      "d0_neg_re_upper_strict": -0.0002469648832003222,
      "elapsed_sec": 16.00112223625183,
      "object": "M",
      "overlaps_recomputed": true,
      "recomputed_im_lower": -0.06802316516060607,
      "recomputed_im_upper": -0.06310784732279928,
      "recomputed_re_lower": 0.0011391634267805888,
      "recomputed_re_upper": 0.006097516741722901,
      "status": "contains",
      "stored_im_lower": -0.06802316532094775,
      "stored_im_upper": -0.06310784716250249,
      "stored_re_lower": 0.0011391632642917151,
      "stored_re_upper": 0.006097516904133681,
      "strict_sector_nondestructive": true,
      "subbox_id": "s0.84_t1__s00_t001",
      "width_ratio_im": 0.9999999347675036,
      "width_ratio_re": 0.9999999344742877
    },
    {
      "box_id": "s0.84_t1",
      "contains_recomputed": true,
      "d0_neg_re_upper_rat": -0.000246041755,
      "d0_neg_re_upper_stored": -0.00024696487762427904,
      "d0_neg_re_upper_strict": -0.0002469648832003222,
      "elapsed_sec": 16.00112223625183,
      "object": "D0",
      "overlaps_recomputed": true,
      "recomputed_im_lower": -0.005290461118308259,
      "recomputed_im_upper": -0.003729657411994044,
      "recomputed_re_lower": 0.010177848424679472,
      "recomputed_re_upper": 0.011738432959169756,
      "status": "contains",
      "stored_im_lower": -0.0052904611686247285,
      "stored_im_upper": -0.003729657361677166,
      "stored_re_lower": 0.010177848373682755,
      "stored_re_upper": 0.011738433010222135,
      "strict_sector_nondestructive": true,
      "subbox_id": "s0.84_t1__s00_t001",
      "width_ratio_im": 0.9999999355246655,
      "width_ratio_re": 0.9999999346084191
    },
    {
      "box_id": "s0.84_t1",
      "contains_recomputed": true,
      "d0_neg_re_upper_rat": -0.000246041755,
      "d0_neg_re_upper_stored": -0.00024788711672223563,
      "d0_neg_re_upper_strict": -0.0002478871222989203,
      "elapsed_sec": 16.198028087615967,
      "object": "M",
      "overlaps_recomputed": true,
      "recomputed_im_lower": -0.0680045028063071,
      "recomputed_im_upper": -0.06308928248045506,
      "recomputed_re_lower": 0.001144782068517328,
      "recomputed_re_upper": 0.006103101676835062,
      "status": "contains",