{
  "done": true,
  "rows": [
    {
      "box_id": "s0.84_t1",
      "contains_recomputed": true,
      "d0_neg_re_upper_rat": -0.000246041755,
      "d0_neg_re_upper_stored": -0.0002534014149208587,
      "d0_neg_re_upper_strict": -0.0002534014204974488,
      "elapsed_sec": 15.687748670578003,
      "object": "M",
      "overlaps_recomputed": true,
      "recomputed_im_lower": -0.06789271723032603,
      "recomputed_im_upper": -0.0629781063188199,
      "recomputed_re_lower": 0.0011789804637036703,
      "recomputed_re_upper": 0.0061370715887897305,
      "status": "contains",
      "stored_im_lower": -0.0678927173906236,
      "stored_im_upper": -0.06297810615856582,
      "stored_re_lower": 0.0011789803012425405,
      "stored_re_upper": 0.006137071751172249,
      "strict_sector_nondestructive": true,
      "subbox_id": "s0.84_t1__s00_t008",
      "width_ratio_im": 0.9999999347757889,
      "width_ratio_re": 0.9999999344821182
    },
    {
      "box_id": "s0.84_t1",
      "contains_recomputed": true,
      "d0_neg_re_upper_rat": -0.000246041755,
      "d0_neg_re_upper_stored": -0.0002534014149208587,
      "d0_neg_re_upper_strict": -0.0002534014204974488,
      "elapsed_sec": 15.687748670578003,
      "object": "D0",
      "overlaps_recomputed": true,
      "recomputed_im_lower": -0.005392841360268415,
      "recomputed_im_upper": -0.00383390563146378,
      "recomputed_re_lower": 0.010135285869045744,
      "recomputed_re_upper": 0.01169419336724144,
      "status": "contains",
      "stored_im_lower": -0.0053928414105177055,
      "stored_im_upper": -0.0038339055812141466,
      "stored_re_lower": 0.010135285818108332,
      "stored_re_upper": 0.011694193418234538,
      "strict_sector_nondestructive": true,
      "subbox_id": "s0.84_t1__s00_t008",
      "width_ratio_im": 0.9999999355336362,
      "width_ratio_re": 0.9999999346141432
    },
    {
      "box_id": "s0.84_t1",
      "contains_recomputed": true,
      "d0_neg_re_upper_rat": -0.000246041755,
      "d0_neg_re_upper_stored": -0.00025431735720619415,
      "d0_neg_re_upper_strict": -0.00025431736278490926,
      "elapsed_sec": 15.87152647972107,
      "object": "M",
      "overlaps_recomputed": true,
      "recomputed_im_lower": -0.06787411780749218,
      "recomputed_im_upper": -0.06295961280239187,
      "recomputed_re_lower": 0.0011847611674467115,
      "recomputed_re_upper": 0.006142809867611771,
      "status": "contains",
      "stored_im_lower": -0.06787411796784353,
      "stored_im_upper": -0.06295961264208416,
      "stored_re_lower": 0.0011847610049292383,
      "stored_re_upper": 0.006142810030050492,
      "strict_sector_nondestructive": true,
      "subbox_id": "s0.84_t1__s00_t009",
      "width_ratio_im": 0.9999999347525267,
      "width_ratio_re": 0.9999999344588585
    },
    {
      "box_id": "s0.84_t1",
      "contains_recomputed": true,
      "d0_neg_re_upper_rat": -0.000246041755,
      "d0_neg_re_upper_stored": -0.00025431735720619415,
      "d0_neg_re_upper_strict": -0.00025431736278490926,
      "elapsed_sec": 15.87152647972107,
      "object": "D0",
      "overlaps_recomputed": true,
      "recomputed_im_lower": -0.005407432415408295,
      "recomputed_im_upper": -0.0038487652006111415,
      "recomputed_re_lower": 0.010129126719970565,
      "recomputed_re_upper": 0.011687792994959447,
      "status": "contains",
      "stored_im_lower": -0.005407432465666942,
      "stored_im_upper": -0.003848765150352138,
      "stored_re_lower": 0.010129126669022949,
      "stored_re_upper": 0.01168779304596272,
      "strict_sector_nondestructive": true,
      "subbox_id": "s0.84_t1__s00_t009",
      "width_ratio_im": 0.9999999355105161,
      "width_ratio_re": 0.9999999345909489
    },
    {
      "box_id": "s0.84_t1",
      "contains_recomputed": true,
      "d0_neg_re_upper_rat": -0.000246041755,
      "d0_neg_re_upper_stored": -0.0002552323816360677,
      "d0_neg_re_upper_strict": -0.00025523238721151213,
      "elapsed_sec": 15.943331718444824,
      "object": "M",
      "overlaps_recomputed": true,
      "recomputed_im_lower": -0.06785552729605315,
      "recomputed_im_upper": -0.06294112979647,
      "recomputed_re_lower": 0.0011905653943689255,
      "recomputed_re_upper": 0.0061485696585212544,
      "status": "contains",
      "stored_im_lower": -0.06785552745630162,
      "stored_im_upper": -0.06294112963626486,
      "stored_re_lower": 0.0011905652319547078,
      "stored_re_upper": 0.006148569820858539,
      "strict_sector_nondestructive": true,
      "subbox_id": "s0.84_t1__s00_t010",
      "width_ratio_im": 0.9999999347929045,
      "width_ratio_re": 0.999999934499556
    },
    {
      "box_id": "s0.84_t1",
      "contains_recomputed": true,
      "d0_neg_re_upper_rat": -0.000246041755,
      "d0_neg_re_upper_stored": -0.0002552323816360677,
      "d0_neg_re_upper_strict": -0.00025523238721151213,
      "elapsed_sec": 15.943331718444824,
      "object": "D0",
      "overlaps_recomputed": true,
      "recomputed_im_lower": -0.005422015142292918,
      "recomputed_im_upper": -0.0038636159913160873,
      "recomputed_re_lower": 0.010122948043197416,
      "recomputed_re_upper": 0.011681372414093767,
      "status": "contains",
      "stored_im_lower": -0.00542201519251149,
      "stored_im_upper": -0.0038636159410972274,
      "stored_re_lower": 0.0101229479922882,
      "stored_re_upper": 0.011681372465058603,
      "strict_sector_nondestructive": true,
      "subbox_id": "s0.84_t1__s00_t010",
      "width_ratio_im": 0.9999999355508986,
      "width_ratio_re": 0.9999999346300996
    },
    {
      "box_id": "s0.84_t1",
      "contains_recomputed": true,
      "d0_neg_re_upper_rat": -0.000246041755,
      "d0_neg_re_upper_stored": -0.0002561465335717049,
      "d0_neg_re_upper_strict": -0.0002561465391521792,
      "elapsed_sec": 15.851166009902954,
      "object": "M",
      "overlaps_recomputed": true,
      "recomputed_im_lower": -0.06783694501456822,
      "recomputed_im_upper": -0.06292265799748083,
      "recomputed_re_lower": 0.001196393523987428,
      "recomputed_re_upper": 0.006154350534475932,
      "status": "contains",
      "stored_im_lower": -0.06783694517495234,
      "stored_im_upper": -0.06292265783714061,
      "stored_re_lower": 0.001196393361433836,
      "stored_re_upper": 0.006154350696951684,
      "strict_sector_nondestructive": true,
      "subbox_id": "s0.84_t1__s00_t011",
      "width_ratio_im": 0.9999999347363485,
      "width_ratio_re": 0.999999934442892
    },
    {
      "box_id": "s0.84_t1",
      "contains_recomputed": true,
      "d0_neg_re_upper_rat": -0.000246041755,
      "d0_neg_re_upper_stored": -0.0002561465335717049,
      "d0_neg_re_upper_strict": -0.0002561465391521792,
      "elapsed_sec": 15.851166009902954,
      "object": "D0",
      "overlaps_recomputed": true,
      "recomputed_im_lower": -0.00543658888481047,
      "recomputed_im_upper": -0.0038784586164615272,
      "recomputed_re_lower": 0.01011674991494808,
      "recomputed_re_upper": 0.011674931579556238,
      "status": "contains",
      "stored_im_lower": -0.005436588935065895,
      "stored_im_upper": -0.0038784585662059333,
      "stored_re_lower": 0.010116749864001814,
      "stored_re_upper": 0.011674931630558131,
      "strict_sector_nondestructive": true,
      "subbox_id": "s0.84_t1__s00_t011",
      "width_ratio_im": 0.9999999354925482,
      "width_ratio_re": 0.9999999345723573
    },
    {
      "box_id": "s0.84_t1",
      "contains_recomputed": true,
      "d0_neg_re_upper_rat": -0.000246041755,
      "d0_neg_re_upper_stored": -0.00025705976650589117,
      "d0_neg_re_upper_strict": -0.00025705977208173456,
      "elapsed_sec": 15.831242561340332,
      "object": "M",
      "overlaps_recomputed": true,
      "recomputed_im_lower": -0.06781837175696871,
      "recomputed_im_upper": -0.06290419668420515,
      "recomputed_re_lower": 0.001202244766352174,
      "recomputed_re_upper": 0.006160153264160737,
      "status": "contains",