mode,X,p,K,M,check_K,check_M,t_count,max_ref_delta,p95_ref_delta,median_ref_delta,worst_ref_t,max_total_delta,max_total_ratio,min_quarter_surplus_ratio,worst_total_t,max_external_ratio,max_lower_factor_ratio,max_cutoff_pressure_ratio,max_central_abs,passes_ref,passes_total_delta
supergaussian,10661.0,2,12,4001,13,6001,197,0.14035688145911882,0.13303929349814364,0.034375003959524225,1.0,17.56352235617365,800.6516813504402,-799.9016813504402,1.0,499.0915435778703,301.5601377725698,203.27033600223027,6.208296841644586,False,False
supergaussian,10661.0,2,13,6001,14,8001,197,0.005231051399760294,0.005123852596439523,0.0022493419211877187,1.0,0.6896438994534151,797.6077955935084,-796.8577955935084,1.0,497.14009554752175,300.4677000459866,202.38181271011663,6.185989609687248,False,False
supergaussian,10661.0,2,14,8001,15,10001,197,6.976124547062801e-05,6.911066084370117e-05,4.4361254844494016e-05,1.0,0.009210993032695569,797.2736010585999,-796.5236010585999,1.0,496.9297978872251,300.34380317137476,202.2905745345821,6.183490949671377,True,True
supergaussian,10661.0,2,15,10001,16,12001,197,3.228015568895988e-07,3.212895498800858e-07,2.5280936153279205e-07,1.0,4.250424314022894e-05,797.267204459306,-796.517204459306,1.0,496.9257865670291,300.3414178922769,202.28884950718987,6.183442968039129,True,True
supergaussian,10661.0,2,16,12001,17,16001,197,5.087339814614713e-10,5.074471494001452e-10,4.424644687233565e-10,1.0,6.739719538018107e-08,797.2671690935665,-796.5171690935665,1.0,496.9257644249706,300.34140466859594,202.2888400248526,6.183442702353961,True,True
supergaussian,10661.0,2,17,16001,18,24001,197,4.163336342344337e-17,0.0,0.0,9.5,3.552713678800501e-15,797.2671690320864,-796.5171690320864,1.0,496.9257643865181,300.3414046455683,202.288840008429,6.183442701891648,True,True
