mode,X,p,K,M,check_K,check_M,t_count,max_ref_delta,p95_ref_delta,median_ref_delta,worst_ref_t,max_total_delta,max_total_ratio,min_quarter_surplus_ratio,worst_total_t,max_external_ratio,max_lower_factor_ratio,max_cutoff_pressure_ratio,max_central_abs,passes_ref,passes_total_delta
raw,0.0,0,8,1001,10,2001,197,4.20463229849312,1.9933616249392014,0.2234240593408381,1.0,257.7856143641752,608.6406934696499,-607.8906934696499,1.0,380.6091539759077,228.03153949374217,155.79125185013842,4.718175154347892,False,False
raw,0.0,0,10,2001,12,4001,197,5.9531341886280496,2.8190208390804496,0.3166623906238479,1.0,365.9685941962309,866.4263078338251,-865.6763078338251,1.0,539.8701185584489,326.55618927537625,220.32836560984828,6.706111680979198,False,False
raw,0.0,0,12,4001,14,8001,197,8.420549161372188,3.986513744869387,0.44889324867606906,1.0,515.0225794891478,1232.394902030056,-1231.644902030056,1.0,767.2127165912785,465.1821854387774,318.05790725873084,9.426255835547996,False,False
raw,0.0,0,14,8001,16,16001,197,11.90927884469464,5.6377509904867855,0.6355503681782221,1.0,723.5510106922568,1747.4174815192039,-1746.6674815192039,1.0,1088.5433631740682,658.8741183451357,459.3737466340188,13.204164012566817,False,False
raw,0.0,0,16,16001,18,32001,197,16.842932209651206,7.972964806940364,0.8993162236052163,1.0,1018.5701192604888,2470.9684922114607,-2470.2184922114607,1.0,1541.0011103922982,929.9673818191624,657.8297791621944,18.534809695497998,False,False
raw,0.0,0,18,32001,20,64001,197,23.819990074102314,11.275459569169337,1.2721873468471616,1.0,1438.0447513364525,3489.5386114719495,-3488.7886114719495,1.0,2178.222404790236,1311.3162066817133,933.3849365388696,26.124971180538864,False,False
