t,sigma,r,residual_margin,cleared_margin,external_ratio,lower_factor_ratio,total_ratio,quarter_surplus_ratio,genuine_ratio,continued_ratio,horizontal_pressure_ratio,cutoff_pressure_ratio,canonical_closed_ratio,factorization_error,direct_abs,bracket_abs,rectangular_abs,central_ref_abs,cutoff_budget,horizontal_upper,lower_factor_upper,tail_gap_budget,central_ref_delta
1.0,0.5,0.3535533905932738,0.08788522991524662,0.03672664161544274,126.18718124471249,74.09938481414665,200.28656605885914,-199.53656605885914,31.69530553205477,31.69530553205477,0.0,62.79657018060293,99.25213572625059,7.850462293418876e-17,0.441907099546099,0.018009447595492434,0.45363025888277936,1.3303567167631263,1.7838341899717025,0.0,16.084605565805553,1.7515602924138907,0.7263284934821366
2.0,0.5,0.3535533905932738,0.08788522991524662,0.03672664161544274,46.430643274066405,30.123319480265152,76.55396275433156,-75.80396275433156,14.605927032622414,14.605927032622414,0.0,17.218789208821573,44.16580141356416,8.326672684688674e-17,0.16070063283500993,0.03999817275038453,0.20068845458593632,0.6130590258153492,0.4891264731859407,0.0,6.538808836106687,0.9319067092564532,0.5440083207515105
3.0,0.5,0.3535533905932738,0.08788522991524662,0.03672664161544274,38.63082679629423,20.121536698233594,58.75236349452783,-58.00236349452783,12.0285798719551,12.0285798719551,0.0,14.573667052384033,36.200694918450495,6.397344083151129e-17,0.04779562961197036,0.07082660115314472,0.09109187258453841,0.5048792481143122,0.4139876666279603,0.0,4.367741810282612,0.7563496136146639,0.43292294686203037
4.0,0.5,0.3535533905932738,0.08788522991524662,0.03672664161544274,21.58422189267542,14.384788117540928,35.96901001021635,-35.21901001021635,7.4979522686793585,7.4979522686793585,0.0,6.5883173553167,27.65311712733051,7.850462293418876e-17,0.13132687520867678,0.11719133927686355,0.18429120202759533,0.3147138352245516,0.18715139567332714,0.0,3.122477245913111,0.5958825354214641,0.37448759993752884
5.0,0.5,0.3535533905932738,0.08788522991524662,0.03672664161544274,10.765112912280316,2.3058951247513004,13.071008037031616,-12.321008037031616,1.3109682807688163,1.3109682807688163,0.0,8.143176350742683,17.72776917766247,1.6711069443220838e-16,0.1484729825424578,0.18172752273003356,0.27220279163630073,0.05502567110515364,0.2313195823855794,0.0,0.5005360523675731,0.09580845522121768,0.3505893962186372
