mode,X,p,K,M,check_K,check_M,t_count,max_ref_delta,p95_ref_delta,median_ref_delta,worst_ref_t,max_total_delta,max_total_ratio,min_quarter_surplus_ratio,worst_total_t,max_external_ratio,max_lower_factor_ratio,max_cutoff_pressure_ratio,max_central_abs,passes_ref,passes_total_delta
supergaussian,10661.0,2,8,1001,10,2001,50,2.6541200373022593,1.7351142361239547,0.16100061996681703,1.0,151.8150614933021,603.8598319674026,-603.1098319674026,1.0,377.9696139346469,225.89021803275566,155.77936453003386,4.6630295201880365,False,False
supergaussian,10661.0,2,10,2001,12,4001,50,1.4597646714936132,1.1608908543223857,0.12612999760945215,1.0,70.08174947645212,755.6748934607047,-754.9248934607047,1.0,471.58661985416336,284.08827360654135,192.49282015239197,5.857244547850924,False,False
supergaussian,10661.0,2,12,4001,14,8001,50,0.1452819630931364,0.13476831206615372,0.03260111533745767,1.0,17.583368336830944,800.6516813504402,-799.9016813504402,1.0,499.0915435778703,301.5601377725698,203.27033600223027,6.208296841644586,False,False
supergaussian,10661.0,2,14,8001,16,16001,50,7.007757127354392e-05,6.933796929971248e-05,4.453762577616069e-05,1.0,0.007850684477148206,797.2736010585999,-796.5236010585999,1.0,496.9297978872251,300.34380317137476,202.2905745345821,6.183490949671377,True,True
supergaussian,10661.0,2,16,16001,18,32001,50,4.163336342344337e-17,2.5326962749261324e-17,0.0,33.0,1.7763568394002505e-15,797.2671690320864,-796.5171690320864,1.0,496.9257643865181,300.3414046455683,202.288840008429,6.183442701891648,True,True
supergaussian,10661.0,2,18,32001,20,64001,50,0.0,0.0,0.0,1.0,0.0,797.2671690320864,-796.5171690320864,1.0,496.9257643865181,300.3414046455683,202.288840008429,6.183442701891648,True,True
