label,source_box_id,sigma_min,sigma_max,t_min,t_max,mainNormLowerConst,numeratorUpperConst,parallelUpperConst,restUpperCombinedConst,restUpperSeparateConst,budgetCombinedConst,budgetSeparateConst,certified_combined,certified_separate,status,main_lower_method,main_center_abs,main_radius,main_lower_rect,main_lower_improved,main_lower_gain,interval_dps,inflate,point_budget_combined_from_scout,point_budget_separate_from_scout,budget_loss_to_interval_combined,budget_loss_to_interval_separate,notes
interval_valley47_priority_sub512,s0.5_t18,0.5,0.5,47.59,47.594,0.4009506457015481,0.11258039765266897,0.28078367963639445,0.09488196171727335,0.09529583342736565,0.025285004347880294,0.024871132637787993,True,True,certified_combined_and_separate,center-radius,0.4053413625096119,0.0043999019753094785,0.4009506457015481,0.4009506457015481,0.0,50,1e-12,0.038399479822450594,0.03792773719157118,0.0131144754745703,0.013056604553783185,mode=fast; subdiv_sigma=1; subdiv_t=512; main_lower_method=center-radius
interval_valley47_priority_sub512,s0.5_t189,0.5,0.5,48.445,48.449,0.2856367310154404,0.05554213788235383,0.1944502644491875,0.07722264350889325,0.07928826701916364,0.013963823057359645,0.011898199547089261,True,True,certified_combined_and_separate,center-radius,0.2884402607744748,0.0034996643847562676,0.2856367310154404,0.2856367310154404,0.0,50,1e-12,0.024727212610786017,0.02259203385741987,0.010763389553426372,0.010693834310330608,mode=fast; subdiv_sigma=1; subdiv_t=512; main_lower_method=center-radius
interval_valley47_priority_sub512,s0.5_t190,0.5,0.5,48.45,48.454,0.2917091702799179,0.05736462740043854,0.19665006535582227,0.0770622284257078,0.07924435685489578,0.017996876498387812,0.01581474806919983,True,True,certified_combined_and_separate,center-radius,0.2944125921540318,0.0034878086256598063,0.2917091702799179,0.2917091702799179,0.0,50,1e-12,0.028419255692214415,0.02619200918263309,0.010422379193826603,0.010377261113433262,mode=fast; subdiv_sigma=1; subdiv_t=512; main_lower_method=center-radius
