label,source_box_id,sigma_min,sigma_max,t_min,t_max,d0_neg_re_upper,d0_neg_re_lower,certified_nondestructive,mainNormLowerConst,restUpperCombinedConst,restUpperSeparateConst,sectorBudgetCombined,sectorBudgetSeparate,certified_sector_combined,certified_sector_separate,status,mode,interval_dps,subdiv_sigma,subdiv_t,inflate,main_center_abs,main_radius,scout_budget_combined,scout_budget_separate,notes
sector_positive_box_sentinel_strict_sub16,s0.84_t0,0.84,0.84,32.82,32.824,-0.00012349732062443897,-0.0005254804506945909,True,0.060845417630484074,0.0063099647940070055,0.006312162259927668,0.054535452836477066,0.05453325537055641,True,True,certified_sector_combined_and_separate,strict,80,1,16,1e-14,0.0658580943908854,0.0069857354844959935,0.06275575209766036,0.0627403274431481,
sector_positive_box_sentinel_strict_sub16,s0.84_t1,0.84,0.84,32.825,32.829,-0.0001616225844105877,-0.0005620683664916903,True,0.06010850178528639,0.006292279593769083,0.00629891156862383,0.05381622219151731,0.05380959021666256,True,True,certified_sector_combined_and_separate,strict,80,1,16,1e-14,0.06513127084263334,0.006981879945065201,0.06202601199915288,0.062014931712766404,
sector_positive_box_sentinel_strict_sub16,s0.85_t0,0.85,0.85,32.82,32.824,-0.00012972476937782085,-0.00048684035265936617,True,0.061596646169250986,0.0057783865442890305,0.005780263350450338,0.05581825962496195,0.05581638281880065,True,True,certified_sector_combined_and_separate,strict,80,1,16,1e-14,0.06634888677338961,0.006489027226345165,0.06354434846762408,0.0635301187377978,
