label,source_box_id,sigma_min,sigma_max,t_min,t_max,d0_neg_re_upper,d0_neg_re_lower,certified_nondestructive,mainNormLowerConst,restUpperCombinedConst,restUpperSeparateConst,sectorBudgetCombined,sectorBudgetSeparate,certified_sector_combined,certified_sector_separate,status,mode,interval_dps,subdiv_sigma,subdiv_t,inflate,main_center_abs,main_radius,scout_budget_combined,scout_budget_separate,notes
sector_positive_box_sentinel_strict,s0.84_t0,0.84,0.84,32.82,32.824,4.932325340211418e-05,-0.0007553233761391381,False,0.05594811074096915,0.009564745931990951,0.00956966321795774,0.0463833648089782,0.04637844752301141,False,False,fail_nondestructive,strict,80,1,8,1e-14,0.06587724226354962,0.013971665389806626,0.06275575209766036,0.0627403274431481,
sector_positive_box_sentinel_strict,s0.84_t1,0.84,0.84,32.825,32.829,1.0863858392445782e-05,-0.0007917066983399771,False,0.055214854311214555,0.009538752521577527,0.009549647875813704,0.045676101789637026,0.045665206435400854,False,False,fail_nondestructive,strict,80,1,8,1e-14,0.06514990695497794,0.013963975637930856,0.06202601199915288,0.062014931712766404,
sector_positive_box_sentinel_strict,s0.85_t0,0.85,0.85,32.82,32.824,2.0642587943708835e-05,-0.0006915385339355171,False,0.05704694828480114,0.00879615923020083,0.008800484229330859,0.04825078905460031,0.048246464055470284,False,False,fail_nondestructive,strict,80,1,8,1e-14,0.06636607584482286,0.012978303451539837,0.06354434846762408,0.0635301187377978,
sector_positive_box_sentinel_strict,s0.86_t0,0.86,0.86,32.82,32.824,-4.1210394292681805e-07,-0.0006322885855797503,True,0.058036828701174395,0.008095638667390277,0.008099437021866128,0.04994119003378412,0.04993739167930827,True,True,certified_sector_combined_and_separate,strict,80,1,8,1e-14,0.0668167589438544,0.01206115828855056,0.0642637084716586,0.06425057415257762,
