label,source_box_id,sigma_min,sigma_max,t_min,t_max,d0_neg_re_upper,d0_neg_re_lower,certified_nondestructive,mainNormLowerConst,restUpperCombinedConst,restUpperSeparateConst,sectorBudgetCombined,sectorBudgetSeparate,certified_sector_combined,certified_sector_separate,status,mode,interval_dps,subdiv_sigma,subdiv_t,inflate,main_center_abs,main_radius,scout_budget_combined,scout_budget_separate,notes
sector_positive_box_edge_failures_fast_sub32,s0.84_t0,0.84,0.84,32.82,32.824,-0.00020839735021895822,-0.0004221454940332461,True,0.06330329704592705,0.0046887859697952155,0.004688898630447803,0.05861451107613183,0.058614398415479246,True,True,certified_sector_combined_and_separate,fast,80,1,32,1e-13,0.06584865604952882,0.0034928854650282276,0.06275575209766036,0.0627403274431481,
sector_positive_box_edge_failures_fast_sub32,s0.84_t1,0.84,0.84,32.825,32.829,-0.0002460417550541723,-0.00045875724838472654,True,0.06256913375038446,0.004678534809729337,0.004680353861739868,0.057890598940655125,0.0578887798886446,True,True,certified_sector_combined_and_separate,fast,80,1,32,1e-13,0.06512208145863407,0.003490949044054027,0.06202601199915288,0.062014931712766404,
sector_positive_box_edge_failures_fast_sub32,s0.85_t0,0.85,0.85,32.82,32.824,-0.00020225591121753026,-0.0003944078116927765,True,0.06392607446028403,0.004275359084488224,0.004275430241169894,0.05965071537579581,0.05965064421911414,True,True,certified_sector_combined_and_separate,fast,80,1,32,1e-13,0.06634036960035364,0.0032445341105746114,0.06354434846762408,0.0635301187377978,
