source_box_id,t_min,t_max,main_lower_rect,main_sample_min_abs,main_lipschitz_bound,main_radius,main_lower_sample_lipschitz,main_lower_gain,old_budget_combined,new_budget_combined_estimate,would_recover,notes
s0.5_t186,48.43,48.434,0.2579443199091008,0.27018197286823586,10.823133529168373,1.562499999999134e-05,0.2700128614068427,0.012068541497741891,-0.0351629173919554,-0.013676532673907726,False,diagnostic finite-difference Lipschitz; not a strong certificate; samples_sigma=1; samples_t=129; lipschitz_inflate=4.0
s0.5_t187,48.435,48.439,0.264442837079396,0.27631547445436383,10.870212217207113,1.562499999999134e-05,0.27614562738847004,0.011702790309074063,-0.02977688376971145,-0.009086955644685826,False,diagnostic finite-difference Lipschitz; not a strong certificate; samples_sigma=1; samples_t=129; lipschitz_inflate=4.0
s0.5_t188,48.44,48.444,0.2709089706671003,0.2824024219155727,10.916403761667636,1.5625000000019096e-05,0.28223185310679644,0.011322882439696147,-0.024479696274047905,-0.0045914251149540425,False,diagnostic finite-difference Lipschitz; not a strong certificate; samples_sigma=1; samples_t=129; lipschitz_inflate=4.0
s0.5_t19,47.595,47.599,0.38060163488292925,0.3981846353846044,13.690561639990428,1.562499999999134e-05,0.3979707203589797,0.017369085476050428,-0.022374299247500687,0.00826321363482567,True,diagnostic finite-difference Lipschitz; not a strong certificate; samples_sigma=1; samples_t=129; lipschitz_inflate=4.0
s0.5_t20,47.6,47.604,0.37335442266210056,0.3909525576913037,13.638234757412853,1.562499999999134e-05,0.39073946027321926,0.017385037611118703,-0.029436639540334028,0.0014778296939079866,True,diagnostic finite-difference Lipschitz; not a strong certificate; samples_sigma=1; samples_t=129; lipschitz_inflate=4.0
s0.5_t21,47.605,47.609,0.3660630189987836,0.3836469387497189,13.58363392154373,1.5625000000019096e-05,0.3834346944696945,0.017371675470910952,-0.03642637821229368,-0.005279317792580465,False,diagnostic finite-difference Lipschitz; not a strong certificate; samples_sigma=1; samples_t=129; lipschitz_inflate=4.0
s0.5_t22,47.61,47.614,0.3587349785227737,0.3762753462969379,13.526833126954353,1.562499999999134e-05,0.37606398952932935,0.01732901100655565,-0.04334050240912797,-0.01200600963583505,False,diagnostic finite-difference Lipschitz; not a strong certificate; samples_sigma=1; samples_t=129; lipschitz_inflate=4.0
