group_type,group_id,N,K,M,point_count,exact_odd_passes,phase_passes,min_surplus_after_quarter,min_overshoot_deficit,max_overshoot_share,max_surplus_after_quarter_share,min_phase_slack,max_phase_payment_share_weighted,worst_exact_odd_point,worst_phase_point,read
box,sigma_sweep,50,4,50,304,0,0,-9.35819903389531389039815,0.159650860836762854102277,61.8526611515167141582887,-4.67835794276149779114718,-14.8420256236292750086615,111.638441857233002718076,sigma_sweep sigma=0.05 t=75.0 N=50 K=4 M=50,sigma_sweep sigma=0.05 t=75.0 N=50 K=4 M=50,both_fail_sample
q_band,0.25<=r<0.30,50,4,50,80,0,0,-1.14215223621474330556928,0.159650860836762854102277,5.18329181779525007955104,-4.67835794276149779114718,-1.38171505863466165326907,9.11209679793978437817638,sigma_sweep sigma=0.75 t=35.0 N=50 K=4 M=50,sigma_sweep sigma=0.75 t=35.0 N=50 K=4 M=50,both_fail_sample
q_band,0.30<=r<0.35,50,4,50,64,0,0,-1.9008698089289130186901,0.208264432484576314526812,8.70466751774790614164706,-5.49663716757542927940592,-2.38831696516421974269966,15.5018318432424534666179,sigma_sweep sigma=0.55 t=35.0 N=50 K=4 M=50,sigma_sweep sigma=0.55 t=35.0 N=50 K=4 M=50,both_fail_sample
q_band,0.35<=r<0.45,50,4,50,112,0,0,-5.22541582285110017497156,0.323687385470171001987309,29.2450515151832129828402,-8.7510450454135213034471,-7.69516464703797992211561,55.0929999105582136934745,sigma_sweep sigma=0.2 t=75.0 N=50 K=4 M=50,sigma_sweep sigma=0.2 t=75.0 N=50 K=4 M=50,both_fail_sample
q_band,r>=0.45,50,4,50,48,0,0,-9.35819903389531389039815,2.46555146315893646240363,61.8526611515167141582887,-59.8914775751700792982204,-14.8420256236292750086615,111.638441857233002718076,sigma_sweep sigma=0.05 t=75.0 N=50 K=4 M=50,sigma_sweep sigma=0.05 t=75.0 N=50 K=4 M=50,both_fail_sample
