target_t,min_abs_min,max_abs_min,min_derivative_abs,max_derivative_abs,min_valley_width_at_2x,max_valley_width_at_2x,max_phase_delta_unwrapped,min_complex_cross,max_complex_cross,status,classification_counts
21.022,1.1788742057338461e-07,0.0003310570245884612,0.34433135854118774,0.3488417341994381,0.0,0.0032930000033850604,2.500627167353039,3.959785563424149e-08,0.00011548649867874656,transverse_near_zero,"{'transverse_near_zero': 6, 'shallow_minimum': 2}"
32.935,1.1226802513096853e-07,0.00015046929791019207,0.42442671663576187,0.43550794376194696,0.0,0.0012259999969046476,2.7842284328677884,3.1725092425437595e-08,6.386314915613676e-05,transverse_near_zero,"{'shallow_minimum': 3, 'transverse_near_zero': 5}"
37.586,6.493384438417995e-08,0.00014397182220392615,0.46455873071809495,0.4727014942173776,0.0,0.001066999997306084,2.865474977485225,3.010316799468294e-08,6.72833260177533e-05,transverse_near_zero,"{'transverse_near_zero': 7, 'shallow_minimum': 1}"
40.919,2.0177044455428238e-07,0.00013288893666910098,0.46203976039182654,0.4736233299954411,9.999999974752427e-07,0.0009839999975156388,2.425572869204618,7.555391102368915e-08,6.209508536297372e-05,transverse_near_zero,"{'transverse_near_zero': 6, 'shallow_minimum': 2}"
43.327,1.1272530601674461e-07,0.00016700655014596528,0.5056630930796603,0.5119220831130912,0.0,0.0011339999971369252,2.7127007999933443,5.638348779797111e-08,8.51103942639432e-05,transverse_near_zero,"{'transverse_near_zero': 7, 'shallow_minimum': 1}"
48.005,2.3494376441066135e-07,0.00012130611721678055,0.46653754825281263,0.47364572932850185,0.0,0.0008869999977605403,2.20990934519079,1.0930148146790835e-07,5.745601800097805e-05,transverse_near_zero,"{'transverse_near_zero': 6, 'shallow_minimum': 2}"
49.774,3.6431266168076507e-07,0.00017209049881579503,0.44055118524761094,0.44972451934031143,1.9999999949504854e-06,0.0013289999966445976,1.7630804688653037,1.5566400323080252e-07,7.72508999215539e-05,transverse_near_zero,"{'transverse_near_zero': 6, 'shallow_minimum': 2}"
