target_t,profiles,lift_count,status_counts,min_margin,max_tail_bound,min_margin_minus_tail,max_tail_to_margin_ratio,status
21.022,2,2,{'finite_to_infinite_lift_pass': 2},0.00032870657715831827,1.0455626826621376e-15,0.0003287065771572727,3.1808389467015525e-12,lift_all_profiles
32.935,2,2,{'finite_to_infinite_lift_pass': 2},0.00013525646892630842,1.0455626826621376e-15,0.00013525646892526287,7.730223115848086e-12,lift_all_profiles
37.586,2,2,{'finite_to_infinite_lift_pass': 2},0.00021070742305670032,1.0455626826621376e-15,0.00021070742305565477,4.962154002428201e-12,lift_all_profiles
40.919,2,2,{'finite_to_infinite_lift_pass': 2},0.0002194494372924771,1.0455626826621376e-15,0.00021944943729143156,4.7644810374639325e-12,lift_all_profiles
43.327,2,2,{'finite_to_infinite_lift_pass': 2},0.00030296211929920186,1.0455626826621376e-15,0.00030296211929816216,3.4511333795811346e-12,lift_all_profiles
48.005,2,2,{'finite_to_infinite_lift_pass': 2},0.0002187549831434725,1.0455626826621376e-15,0.00021875498314242694,4.779606240907416e-12,lift_all_profiles
49.774,2,2,{'finite_to_infinite_lift_pass': 2},0.00017444675251917087,1.0455626826621376e-15,0.00017444675251824447,5.993592128042172e-12,lift_all_profiles
