target_t,profiles,certified_count,status_counts,windings,min_boundary_min_sample,max_boundary_min_sample,min_interpolation_error_bound,max_interpolation_error_bound,min_certified_boundary_margin,max_certified_boundary_margin,min_derivative_upper,max_derivative_upper,status
21.022,2,2,{'certified_finite_zero_box': 2},"1,1",0.0006866475867344916,0.0006866475867345302,0.0003579410095761733,0.0003579410095761733,0.00032870657715831827,0.00032870657715835687,357.9410095761733,357.9410095761733,certified_all_profiles
32.935,2,2,{'certified_finite_zero_box': 2},"1,1",0.0008511384880786551,0.0008511384880786785,0.0007158820191523466,0.0007158820191523466,0.00013525646892630842,0.00013525646892633184,357.9410095761733,357.9410095761733,certified_all_profiles
37.586,2,2,{'certified_finite_zero_box': 2},"1,1",0.000926589442209047,0.0009265894422094632,0.0007158820191523466,0.0007158820191523466,0.00021070742305670032,0.00021070742305711655,357.9410095761733,357.9410095761733,certified_all_profiles
40.919,2,2,{'certified_finite_zero_box': 2},"1,1",0.0009353314564448237,0.0009353314564451293,0.0007158820191523466,0.0007158820191523466,0.0002194494372924771,0.00021944943729278264,357.9410095761733,357.9410095761733,certified_all_profiles
43.327,2,2,{'certified_finite_zero_box': 2},"1,1",0.0010188441384515485,0.0010188441384515543,0.0007158820191523466,0.0007158820191523466,0.00030296211929920186,0.0003029621192992077,357.9410095761733,357.9410095761733,certified_all_profiles
48.005,2,2,{'certified_finite_zero_box': 2},"1,1",0.0009346370022958191,0.0009346370022960173,0.0007158820191523466,0.0007158820191523466,0.0002187549831434725,0.00021875498314367068,357.9410095761733,357.9410095761733,certified_all_profiles
49.774,2,2,{'certified_finite_zero_box': 2},"1,1",0.0008903287716715175,0.0008903287716716367,0.0007158820191523466,0.0007158820191523466,0.00017444675251917087,0.00017444675251929002,357.9410095761733,357.9410095761733,certified_all_profiles
