profile_name,nmax,bg_kmax,x_mode,x_cut,target_t,box_center_t,sigma_center,sigma_radius,t_radius,certify_precision,certify_samples,boundary_min_sample,boundary_min_sigma,boundary_min_t,derivative_upper,step_size,interpolation_error_bound,certified_boundary_margin,raw_winding,rounded_winding,total_arg_variation,status,sample_schedule
fixedX_fullDepth_400k_K18,400000,18,fixed,66666.66666666667,21.022,21.02203999999924,0.5,0.002,0.002,80,2000,0.0006866475867344916,0.502,21.02203599999924,357.9410095761733,2e-06,0.0003579410095761733,0.00032870657715831827,1.0,1,6.283185307179586,certified_finite_zero_box,2000
fixedX_fullDepth_800k_K19,800000,19,fixed,66666.66666666667,21.022,21.02203999999924,0.5,0.002,0.002,80,2000,0.0006866475867345302,0.502,21.02203599999924,357.9410095761733,2e-06,0.0003579410095761733,0.00032870657715835687,1.0,1,6.283185307179586,certified_finite_zero_box,2000
