{
  "certified_boxes": [
    {
      "bg_kmax": 18,
      "boundary_min_sample": 0.0006866475867344916,
      "boundary_min_sigma": 0.502,
      "boundary_min_t": 21.02203599999924,
      "box_center_t": 21.02203999999924,
      "certified_boundary_margin": 0.00032870657715831827,
      "certify_precision": 80,
      "certify_samples": 2000,
      "derivative_upper": 357.9410095761733,
      "interpolation_error_bound": 0.0003579410095761733,
      "nmax": 400000,
      "profile_name": "fixedX_fullDepth_400k_K18",
      "raw_winding": 1.0,
      "rounded_winding": 1,
      "sample_schedule": "2000",
      "sigma_center": 0.5,
      "sigma_radius": 0.002,
      "status": "certified_finite_zero_box",
      "step_size": 2e-06,
      "t_radius": 0.002,
      "target_t": 21.022,
      "total_arg_variation": 6.283185307179586,
      "x_cut": 66666.66666666667,
      "x_mode": "fixed"
    },
    {
      "bg_kmax": 19,
      "boundary_min_sample": 0.0006866475867345302,
      "boundary_min_sigma": 0.502,
      "boundary_min_t": 21.02203599999924,
      "box_center_t": 21.02203999999924,
      "certified_boundary_margin": 0.00032870657715835687,
      "certify_precision": 80,
      "certify_samples": 2000,
      "derivative_upper": 357.9410095761733,
      "interpolation_error_bound": 0.0003579410095761733,
      "nmax": 800000,
      "profile_name": "fixedX_fullDepth_800k_K19",
      "raw_winding": 1.0,
      "rounded_winding": 1,
      "sample_schedule": "2000",
      "sigma_center": 0.5,
      "sigma_radius": 0.002,
      "status": "certified_finite_zero_box",
      "step_size": 2e-06,
      "t_radius": 0.002,
      "target_t": 21.022,
      "total_arg_variation": 6.283185307179586,
      "x_cut": 66666.66666666667,
      "x_mode": "fixed"
    }
  ],
  "metadata": {
    "certify_precision": 80,
    "certify_samples": 2000,
    "certify_start_samples": 2000,
    "chunk": 32,
    "input": "audit_outputs/c2_center_gaussian_full_depth_boxes/full_depth_zero_boxes_21.json",
    "rows_count": 2,
    "workers": 4
  }
}