profile_name,nmax,sigma,bg_kmax,x_mode,x_cut,x_factor,x_fixed,refine_window,refine_dt,centers_count,target_t,refined_t,abs_min,re_c,im_c,arg_c,drift_from_target
fixedX_fullDepth_400k_K18,400000,0.5,18,fixed,66666.66666666667,,66666.66666666667,0.02,1e-05,99999,21.022,21.02203999999924,1.1252974914613839e-06,-7.026698629278226e-07,-8.789479552409678e-07,-2.2451982871835354,3.999999924175768e-05
fixedX_fullDepth_400k_K18,400000,0.5,18,fixed,66666.66666666667,,66666.66666666667,0.02,1e-05,99999,32.935,32.93506000000637,7.6914172728838e-07,-6.738478188812359e-07,-3.7082086463028737e-07,-2.6385164005038866,6.000000636419145e-05
fixedX_fullDepth_400k_K18,400000,0.5,18,fixed,66666.66666666667,,66666.66666666667,0.02,1e-05,99999,37.586,37.5861800000064,8.4827146548461e-07,-5.419384011983104e-07,-6.525850507497294e-07,-2.2638297742049684,0.0001800000064022811
fixedX_fullDepth_400k_K18,400000,0.5,18,fixed,66666.66666666667,,66666.66666666667,0.02,1e-05,99999,40.919,40.91872000000625,4.52695145520756e-07,2.515122770891274e-07,3.7639669133973594e-07,0.9817255745524617,-0.0002799999937437292
fixedX_fullDepth_400k_K18,400000,0.5,18,fixed,66666.66666666667,,66666.66666666667,0.02,1e-05,99999,43.327,43.327070000006366,1.7143718264453908e-06,-9.526598826501946e-07,1.4253104599695546e-06,2.1599894214521393,7.000000636736559e-05
fixedX_fullDepth_400k_K18,400000,0.5,18,fixed,66666.66666666667,,66666.66666666667,0.02,1e-05,99999,48.005,48.005150000006395,5.16534544600132e-07,7.906812941844213e-08,5.104470263166729e-07,1.4171179019524816,0.00015000000639275868
fixedX_fullDepth_400k_K18,400000,0.5,18,fixed,66666.66666666667,,66666.66666666667,0.02,1e-05,99999,49.774,49.77383000000629,1.0054314790884007e-06,6.704954016388315e-07,-7.49218509864159e-07,-0.8407914174796656,-0.0001699999937088137
