profile_name,nmax,sigma,bg_kmax,x_mode,x_cut,x_factor,x_fixed,refine_window,refine_dt,centers_count,target_t,refined_t,abs_min,re_c,im_c,arg_c,drift_from_target
fixedX_fullDepth_800k_K19,800000,0.5,19,fixed,66666.66666666667,,66666.66666666667,0.02,1e-05,199999,21.022,21.02203999999924,1.1252974916341888e-06,-7.026698629418892e-07,-8.789479554509605e-07,-2.2451982870767737,3.999999924175768e-05
fixedX_fullDepth_800k_K19,800000,0.5,19,fixed,66666.66666666667,,66666.66666666667,0.02,1e-05,199999,32.935,32.93506000000637,7.691417272917535e-07,-6.738478189555317e-07,-3.7082086450227576e-07,-2.6385164006962714,6.000000636419145e-05
fixedX_fullDepth_800k_K19,800000,0.5,19,fixed,66666.66666666667,,66666.66666666667,0.02,1e-05,199999,37.586,37.5861800000064,8.482714655917703e-07,-5.419384011113893e-07,-6.525850509612068e-07,-2.2638297739668642,0.0001800000064022811
fixedX_fullDepth_800k_K19,800000,0.5,19,fixed,66666.66666666667,,66666.66666666667,0.02,1e-05,199999,40.919,40.91872000000625,4.526951455521919e-07,2.515122770619347e-07,3.763966913957146e-07,0.9817255746711082,-0.0002799999937437292
fixedX_fullDepth_800k_K19,800000,0.5,19,fixed,66666.66666666667,,66666.66666666667,0.02,1e-05,199999,43.327,43.327070000006366,1.71437182635903e-06,-9.526598824443425e-07,1.4253104600032682e-06,2.159989421341383,7.000000636736559e-05
fixedX_fullDepth_800k_K19,800000,0.5,19,fixed,66666.66666666667,,66666.66666666667,0.02,1e-05,199999,48.005,48.005150000006395,5.165345447395446e-07,7.906812935014413e-08,5.104470264683275e-07,1.4171179021280893,0.00015000000639275868
fixedX_fullDepth_800k_K19,800000,0.5,19,fixed,66666.66666666667,,66666.66666666667,0.02,1e-05,199999,49.774,49.77383000000629,1.0054314792317015e-06,6.704954015846542e-07,-7.492185101049498e-07,-0.8407914176795284,-0.0001699999937088137
