{
  "done": true,
  "rows": [
    {
      "box_id": "s0.84_t0",
      "contains_recomputed": true,
      "d0_neg_re_upper_rat": -0.00020839735,
      "d0_neg_re_upper_stored": -0.00020839735021895822,
      "d0_neg_re_upper_strict": -0.00020839735578166672,
      "elapsed_sec": 15.899657487869263,
      "object": "Drest",
      "overlaps_recomputed": true,
      "recomputed_im_lower": 0.0018013084011839437,
      "recomputed_im_upper": 0.002563292410311767,
      "recomputed_re_lower": -0.0019363091164113096,
      "recomputed_re_upper": -0.0011742692265517426,
      "status": "contains",
      "stored_im_lower": 0.0018013083753690815,
      "stored_im_upper": 0.0025632924361395967,
      "stored_re_lower": -0.0019363091421977807,
      "stored_re_upper": -0.0011742692007536786,
      "strict_sector_nondestructive": true,
      "subbox_id": "s0.84_t0__s00_t000",
      "width_ratio_im": 0.9999999322260211,
      "width_ratio_re": 0.999999932307308
    },
    {
      "box_id": "s0.84_t0",
      "contains_recomputed": true,
      "d0_neg_re_upper_rat": -0.00020839735,
      "d0_neg_re_upper_stored": -0.00020839735021895822,
      "d0_neg_re_upper_strict": -0.00020839735578166672,
      "elapsed_sec": 15.899657487869263,
      "object": "RvecTail",
      "overlaps_recomputed": true,
      "recomputed_im_lower": -0.000363234892193235,
      "recomputed_im_upper": 0.0011646948412336758,
      "recomputed_re_lower": -0.0009074250341131854,
      "recomputed_re_upper": 0.0006609128112274891,
      "status": "contains",
      "stored_im_lower": -0.0003632349419052727,
      "stored_im_upper": 0.0011646948909506516,
      "stored_re_lower": -0.0009074250855853405,
      "stored_re_upper": 0.0006609128626891579,
      "strict_sector_nondestructive": true,
      "subbox_id": "s0.84_t0__s00_t000",
      "width_ratio_im": 0.9999999349256677,
      "width_ratio_re": 0.9999999343675744
    },
    {
      "box_id": "s0.84_t0",
      "contains_recomputed": true,
      "d0_neg_re_upper_rat": -0.00020839735,
      "d0_neg_re_upper_stored": -0.00020935511244955598,
      "d0_neg_re_upper_strict": -0.00020935511801733933,
      "elapsed_sec": 16.956761598587036,
      "object": "Drest",
      "overlaps_recomputed": true,
      "recomputed_im_lower": 0.001803527821918403,
      "recomputed_im_upper": 0.0025654927844612793,
      "recomputed_re_lower": -0.0019332091181737479,
      "recomputed_re_upper": -0.001171189491716634,
      "status": "contains",
      "stored_im_lower": 0.0018035277960824084,
      "stored_im_upper": 0.00256549281031028,
      "stored_re_lower": -0.001933209143981213,
      "stored_re_upper": -0.001171189465897508,
      "strict_sector_nondestructive": true,
      "subbox_id": "s0.84_t0__s00_t001",
      "width_ratio_im": 0.9999999321688076,
      "width_ratio_re": 0.9999999322503178
    },
    {
      "box_id": "s0.84_t0",
      "contains_recomputed": true,
      "d0_neg_re_upper_rat": -0.00020839735,
      "d0_neg_re_upper_stored": -0.00020935511244955598,
      "d0_neg_re_upper_strict": -0.00020935511801733933,
      "elapsed_sec": 16.956761598587036,
      "object": "RvecTail",
      "overlaps_recomputed": true,
      "recomputed_im_lower": -0.00036321323279853363,
      "recomputed_im_upper": 0.0011646813523098346,
      "recomputed_re_lower": -0.000907306612512263,
      "recomputed_re_upper": 0.0006610491691947936,
      "status": "contains",
      "stored_im_lower": -0.0003632132825527243,
      "stored_im_upper": 0.0011646814020690945,
      "stored_re_lower": -0.0009073066640285522,
      "stored_re_upper": 0.0006610492207006183,
      "strict_sector_nondestructive": true,
      "subbox_id": "s0.84_t0__s00_t001",
      "width_ratio_im": 0.9999999348689071,
      "width_ratio_re": 0.9999999343120303
    },
    {
      "box_id": "s0.84_t0",
      "contains_recomputed": true,
      "d0_neg_re_upper_rat": -0.00020839735,
      "d0_neg_re_upper_stored": -0.00021031205305856933,
      "d0_neg_re_upper_strict": -0.00021031205862192802,
      "elapsed_sec": 16.993464946746826,
      "object": "Drest",
      "overlaps_recomputed": true,
      "recomputed_im_lower": 0.0018057430968836596,
      "recomputed_im_upper": 0.0025676885614233885,
      "recomputed_re_lower": -0.0019301057625069507,
      "recomputed_re_upper": -0.0011681068415873223,
      "status": "contains",
      "stored_im_lower": 0.0018057430710694971,
      "stored_im_upper": 0.002567688587250593,
      "stored_re_lower": -0.0019301057882924282,
      "stored_re_upper": -0.0011681068157901348,
      "strict_sector_nondestructive": true,
      "subbox_id": "s0.84_t0__s00_t002",
      "width_ratio_im": 0.9999999322243311,
      "width_ratio_re": 0.9999999323061226
    },
    {
      "box_id": "s0.84_t0",
      "contains_recomputed": true,
      "d0_neg_re_upper_rat": -0.00020839735,
      "d0_neg_re_upper_stored": -0.00021031205305856933,
      "d0_neg_re_upper_strict": -0.00021031205862192802,
      "elapsed_sec": 16.993464946746826,
      "object": "RvecTail",
      "overlaps_recomputed": true,
      "recomputed_im_lower": -0.00036319203474054386,
      "recomputed_im_upper": 0.0011646683046664657,
      "recomputed_re_lower": -0.0009071883788066271,
      "recomputed_re_upper": 0.0006611856165593243,
      "status": "contains",
      "stored_im_lower": -0.0003631920844492126,
      "stored_im_upper": 0.00116466835438007,
      "stored_re_lower": -0.0009071884302803144,
      "stored_re_upper": 0.0006611856680225649,
      "strict_sector_nondestructive": true,
      "subbox_id": "s0.84_t0__s00_t002",
      "width_ratio_im": 0.9999999349271238,
      "width_ratio_re": 0.999999934367108
    },
    {
      "box_id": "s0.84_t0",
      "contains_recomputed": true,
      "d0_neg_re_upper_rat": -0.00020839735,
      "d0_neg_re_upper_stored": -0.00021126810642885092,
      "d0_neg_re_upper_strict": -0.0002112681119973398,
      "elapsed_sec": 18.915470123291016,
      "object": "Drest",
      "overlaps_recomputed": true,
      "recomputed_im_lower": 0.001807953995593369,
      "recomputed_im_upper": 0.0025698799649723756,
      "recomputed_re_lower": -0.001926999319754651,
      "recomputed_re_upper": -0.0011650210223796689,
      "status": "contains",
      "stored_im_lower": 0.001807953969758128,
      "stored_im_upper": 0.002569879990820663,
      "stored_re_lower": -0.0019269993455610845,
      "stored_re_upper": -0.0011650209965614992,
      "strict_sector_nondestructive": true,
      "subbox_id": "s0.84_t0__s00_t003",
      "width_ratio_im": 0.9999999321672615,
      "width_ratio_re": 0.9999999322492518
    },
    {
      "box_id": "s0.84_t0",
      "contains_recomputed": true,
      "d0_neg_re_upper_rat": -0.00020839735,
      "d0_neg_re_upper_stored": -0.00021126810642885092,
      "d0_neg_re_upper_strict": -0.0002112681119973398,
      "elapsed_sec": 18.915470123291016,
      "object": "RvecTail",
      "overlaps_recomputed": true,
      "recomputed_im_lower": -0.0003631704766770619,
      "recomputed_im_upper": 0.0011646548772347096,
      "recomputed_re_lower": -0.0009070707406163968,
      "recomputed_re_upper": 0.0006613225610262086,
      "status": "contains",
      "stored_im_lower": -0.00036317052643005244,
      "stored_im_upper": 0.0011646549269926623,
      "stored_re_lower": -0.0009070707921351985,
      "stored_re_upper": 0.0006613226125345695,
      "strict_sector_nondestructive": true,
      "subbox_id": "s0.84_t0__s00_t003",
      "width_ratio_im": 0.9999999348675969,
      "width_ratio_re": 0.9999999343103826
    },
    {
      "box_id": "s0.84_t0",
      "contains_recomputed": true,
      "d0_neg_re_upper_rat": -0.00020839735,
      "d0_neg_re_upper_stored": -0.00021222333458011312,
      "d0_neg_re_upper_strict": -0.00021222334014414046,
      "elapsed_sec": 17.226333379745483,
      "object": "Drest",
      "overlaps_recomputed": true,
      "recomputed_im_lower": 0.0018101606492863993,
      "recomputed_im_upper": 0.002572066852064432,