{
  "done": true,
  "rows": [
    {
      "box_id": "s0.84_t0",
      "contains_recomputed": true,
      "d0_neg_re_upper_rat": -0.00020839735,
      "d0_neg_re_upper_stored": -0.000227392041239359,
      "d0_neg_re_upper_strict": -0.0002273920468129925,
      "elapsed_sec": 16.02340006828308,
      "object": "Drest",
      "overlaps_recomputed": true,
      "recomputed_im_lower": 0.0018448795855180477,
      "recomputed_im_upper": 0.0026064460348960024,
      "recomputed_re_lower": -0.001873702577142357,
      "recomputed_re_upper": -0.0011121037712308354,
      "status": "contains",
      "stored_im_lower": 0.001844879559690939,
      "stored_im_upper": 0.0026064460607361315,
      "stored_re_lower": -0.0018737026029385412,
      "stored_re_upper": -0.0011121037454229672,
      "strict_sector_nondestructive": true,
      "subbox_id": "s0.84_t0__s00_t020",
      "width_ratio_im": 0.9999999321566302,
      "width_ratio_re": 0.9999999322424766
    },
    {
      "box_id": "s0.84_t0",
      "contains_recomputed": true,
      "d0_neg_re_upper_rat": -0.00020839735,
      "d0_neg_re_upper_stored": -0.000227392041239359,
      "d0_neg_re_upper_strict": -0.0002273920468129925,
      "elapsed_sec": 16.02340006828308,
      "object": "RvecTail",
      "overlaps_recomputed": true,
      "recomputed_im_lower": -0.00036277013881898376,
      "recomputed_im_upper": 0.001164389844628197,
      "recomputed_re_lower": -0.0009050968648980601,
      "recomputed_re_upper": 0.0006636615869579816,
      "status": "contains",
      "stored_im_lower": -0.000362770188552523,
      "stored_im_upper": 0.0011643898943662718,
      "stored_re_lower": -0.0009050969164293133,
      "stored_re_upper": 0.0006636616384792054,
      "strict_sector_nondestructive": true,
      "subbox_id": "s0.84_t0__s00_t020",
      "width_ratio_im": 0.9999999348649725,
      "width_ratio_re": 0.9999999343095362
    },
    {
      "box_id": "s0.84_t0",
      "contains_recomputed": true,
      "d0_neg_re_upper_rat": -0.00020839735,
      "d0_neg_re_upper_stored": -0.00022833283121680568,
      "d0_neg_re_upper_strict": -0.00022833283678591178,
      "elapsed_sec": 16.713021755218506,
      "object": "Drest",
      "overlaps_recomputed": true,
      "recomputed_im_lower": 0.0018470127096542996,
      "recomputed_im_upper": 0.002608556191773687,
      "recomputed_re_lower": -0.0018705391149414156,
      "recomputed_re_upper": -0.0011089644447445446,
      "status": "contains",
      "stored_im_lower": 0.0018470126838493078,
      "stored_im_upper": 0.002608556217591748,
      "stored_re_lower": -0.0018705391407153598,
      "stored_re_upper": -0.0011089644189588757,
      "strict_sector_nondestructive": true,
      "subbox_id": "s0.84_t0__s00_t021",
      "width_ratio_im": 0.9999999322126041,
      "width_ratio_re": 0.9999999322986811
    },
    {
      "box_id": "s0.84_t0",
      "contains_recomputed": true,
      "d0_neg_re_upper_rat": -0.00020839735,
      "d0_neg_re_upper_stored": -0.00022833283121680568,
      "d0_neg_re_upper_strict": -0.00022833283678591178,
      "elapsed_sec": 16.713021755218506,
      "object": "RvecTail",
      "overlaps_recomputed": true,
      "recomputed_im_lower": -0.00036274433179442475,
      "recomputed_im_upper": 0.0011643718329344525,
      "recomputed_re_lower": -0.000904982215106488,
      "recomputed_re_upper": 0.0006637997587310462,
      "status": "contains",
      "stored_im_lower": -0.0003627443814822784,
      "stored_im_upper": 0.0011643718826268277,
      "stored_re_lower": -0.0009049822665942648,
      "stored_re_upper": 0.0006637998102088223,
      "strict_sector_nondestructive": true,
      "subbox_id": "s0.84_t0__s00_t021",
      "width_ratio_im": 0.9999999349229451,
      "width_ratio_re": 0.9999999343659297
    },
    {
      "box_id": "s0.84_t0",
      "contains_recomputed": true,
      "d0_neg_re_upper_rat": -0.00020839735,
      "d0_neg_re_upper_stored": -0.0002292727596359084,
      "d0_neg_re_upper_strict": -0.00022927276520793598,
      "elapsed_sec": 15.975785255432129,
      "object": "Drest",
      "overlaps_recomputed": true,
      "recomputed_im_lower": 0.0018491415150125661,
      "recomputed_im_upper": 0.002610661748961073,
      "recomputed_re_lower": -0.001867372515933956,
      "recomputed_re_upper": -0.0011058222322968608,
      "status": "contains",
      "stored_im_lower": 0.0018491414891961618,
      "stored_im_upper": 0.002610661774790462,
      "stored_re_lower": -0.001867372541719183,
      "stored_re_upper": -0.0011058222064999877,
      "strict_sector_nondestructive": true,
      "subbox_id": "s0.84_t0__s00_t022",
      "width_ratio_im": 0.999999932180673,
      "width_ratio_re": 0.9999999322669855
    },
    {
      "box_id": "s0.84_t0",
      "contains_recomputed": true,
      "d0_neg_re_upper_rat": -0.00020839735,
      "d0_neg_re_upper_stored": -0.0002292727596359084,
      "d0_neg_re_upper_strict": -0.00022927276520793598,
      "elapsed_sec": 15.975785255432129,
      "object": "RvecTail",
      "overlaps_recomputed": true,
      "recomputed_im_lower": -0.00036271879506010005,
      "recomputed_im_upper": 0.0011643540742760825,
      "recomputed_re_lower": -0.0009048671132540694,
      "recomputed_re_upper": 0.0006639373812239761,
      "status": "contains",
      "stored_im_lower": -0.00036271884477119494,
      "stored_im_upper": 0.0011643541239917301,
      "stored_re_lower": -0.0009048671647666694,
      "stored_re_upper": 0.0006639374327266009,
      "strict_sector_nondestructive": true,
      "subbox_id": "s0.84_t0__s00_t022",
      "width_ratio_im": 0.9999999348906407,
      "width_ratio_re": 0.9999999343352096
    },
    {
      "box_id": "s0.84_t0",
      "contains_recomputed": true,
      "d0_neg_re_upper_rat": -0.00020839735,
      "d0_neg_re_upper_stored": -0.00023021178315110727,
      "d0_neg_re_upper_strict": -0.00023021178872281899,
      "elapsed_sec": 16.21064591407776,
      "object": "Drest",
      "overlaps_recomputed": true,
      "recomputed_im_lower": 0.0018512658178661174,
      "recomputed_im_upper": 0.002612762884487595,
      "recomputed_re_lower": -0.001864202975576182,
      "recomputed_re_upper": -0.0011026769527164052,
      "status": "contains",
      "stored_im_lower": 0.0018512657920530177,
      "stored_im_upper": 0.0026127629103137218,
      "stored_re_lower": -0.001864203001357982,
      "stored_re_upper": -0.001102676926922936,
      "strict_sector_nondestructive": true,
      "subbox_id": "s0.84_t0__s00_t023",
      "width_ratio_im": 0.9999999321872332,
      "width_ratio_re": 0.9999999322737974
    },
    {
      "box_id": "s0.84_t0",
      "contains_recomputed": true,
      "d0_neg_re_upper_rat": -0.00020839735,
      "d0_neg_re_upper_stored": -0.00023021178315110727,
      "d0_neg_re_upper_strict": -0.00023021178872281899,
      "elapsed_sec": 16.21064591407776,
      "object": "RvecTail",
      "overlaps_recomputed": true,
      "recomputed_im_lower": -0.0003626939057993932,
      "recomputed_im_upper": 0.001164336945950911,
      "recomputed_re_lower": -0.0009047517145169283,
      "recomputed_re_upper": 0.0006640746097600138,
      "status": "contains",
      "stored_im_lower": -0.00036269395550418286,
      "stored_im_upper": 0.001164336995660148,
      "stored_re_lower": -0.0009047517660264426,
      "stored_re_upper": 0.000664074661259554,
      "strict_sector_nondestructive": true,
      "subbox_id": "s0.84_t0__s00_t023",
      "width_ratio_im": 0.9999999348971763,
      "width_ratio_re": 0.9999999343400566
    },
    {
      "box_id": "s0.84_t0",
      "contains_recomputed": true,
      "d0_neg_re_upper_rat": -0.00020839735,
      "d0_neg_re_upper_stored": -0.00023114995865359194,
      "d0_neg_re_upper_strict": -0.00023114996422347208,
      "elapsed_sec": 16.368167877197266,
      "object": "Drest",
      "overlaps_recomputed": true,
      "recomputed_im_lower": 0.0018533858237252086,
      "recomputed_im_upper": 0.002614859382060289,