{
  "done": true,
  "rows": [
    {
      "box_id": "s0.85_t0",
      "contains_recomputed": true,
      "d0_neg_re_upper_rat": -0.000202255911,
      "d0_neg_re_upper_stored": -0.00022265229079564803,
      "d0_neg_re_upper_strict": -0.00022265229584923074,
      "elapsed_sec": 15.246499061584473,
      "object": "Drest",
      "overlaps_recomputed": true,
      "recomputed_im_lower": 0.0016473983106787885,
      "recomputed_im_upper": 0.0023425031964947928,
      "recomputed_re_lower": -0.0016685952340574385,
      "recomputed_re_upper": -0.0009734468908792305,
      "status": "contains",
      "stored_im_lower": 0.0016473982869729031,
      "stored_im_upper": 0.00234250322021265,
      "stored_re_lower": -0.0016685952577334125,
      "stored_re_upper": -0.0009734468671926172,
      "strict_sector_nondestructive": true,
      "subbox_id": "s0.85_t0__s00_t024",
      "width_ratio_im": 0.9999999317747003,
      "width_ratio_re": 0.9999999318669396
    },
    {
      "box_id": "s0.85_t0",
      "contains_recomputed": true,
      "d0_neg_re_upper_rat": -0.000202255911,
      "d0_neg_re_upper_stored": -0.00022265229079564803,
      "d0_neg_re_upper_strict": -0.00022265229584923074,
      "elapsed_sec": 15.246499061584473,
      "object": "RvecTail",
      "overlaps_recomputed": true,
      "recomputed_im_lower": -0.0003220131014607999,
      "recomputed_im_upper": 0.0011035332644182601,
      "recomputed_re_lower": -0.0008530762346549049,
      "recomputed_re_upper": 0.0006135728657087852,
      "status": "contains",
      "stored_im_lower": -0.00032201314798549073,
      "stored_im_upper": 0.0011035333109484455,
      "stored_re_lower": -0.0008530762829562544,
      "stored_re_upper": 0.0006135729139995136,
      "strict_sector_nondestructive": true,
      "subbox_id": "s0.85_t0__s00_t024",
      "width_ratio_im": 0.9999999347233649,
      "width_ratio_re": 0.9999999341409804
    },
    {
      "box_id": "s0.85_t0",
      "contains_recomputed": true,
      "d0_neg_re_upper_rat": -0.000202255911,
      "d0_neg_re_upper_stored": -0.00022349255777910952,
      "d0_neg_re_upper_strict": -0.00022349256283713914,
      "elapsed_sec": 19.332422733306885,
      "object": "Drest",
      "overlaps_recomputed": true,
      "recomputed_im_lower": 0.0016492869478454393,
      "recomputed_im_upper": 0.0023443700730325784,
      "recomputed_re_lower": -0.0016657588365290759,
      "recomputed_re_upper": -0.0009706332393763341,
      "status": "contains",
      "stored_im_lower": 0.0016492869241200047,
      "stored_im_upper": 0.0023443700967699928,
      "stored_re_lower": -0.0016657588602244095,
      "stored_re_upper": -0.0009706332156703266,
      "strict_sector_nondestructive": true,
      "subbox_id": "s0.85_t0__s00_t025",
      "width_ratio_im": 0.9999999317163026,
      "width_ratio_re": 0.9999999318089592
    },
    {
      "box_id": "s0.85_t0",
      "contains_recomputed": true,
      "d0_neg_re_upper_rat": -0.000202255911,
      "d0_neg_re_upper_stored": -0.00022349255777910952,
      "d0_neg_re_upper_strict": -0.00022349256283713914,
      "elapsed_sec": 19.332422733306885,
      "object": "RvecTail",
      "overlaps_recomputed": true,
      "recomputed_im_lower": -0.00032198492594403844,
      "recomputed_im_upper": 0.001103520220677442,
      "recomputed_re_lower": -0.0008529608745221291,
      "recomputed_re_upper": 0.0006137082945855867,
      "status": "contains",
      "stored_im_lower": -0.0003219849725060195,
      "stored_im_upper": 0.0011035202672449228,
      "stored_re_lower": -0.000852960922864075,
      "stored_re_upper": 0.0006137083429168848,
      "strict_sector_nondestructive": true,
      "subbox_id": "s0.85_t0__s00_t025",
      "width_ratio_im": 0.999999934669155,
      "width_ratio_re": 0.9999999340865414
    },
    {
      "box_id": "s0.85_t0",
      "contains_recomputed": true,
      "d0_neg_re_upper_rat": -0.000202255911,
      "d0_neg_re_upper_stored": -0.00022433204828979178,
      "d0_neg_re_upper_strict": -0.00022433205334362614,
      "elapsed_sec": 21.799294233322144,
      "object": "Drest",
      "overlaps_recomputed": true,
      "recomputed_im_lower": 0.0016511716780955184,
      "recomputed_im_upper": 0.002346232859950047,
      "recomputed_re_lower": -0.0016629196947491724,
      "recomputed_re_upper": -0.0009678170029916915,
      "status": "contains",
      "stored_im_lower": 0.0016511716543905388,
      "stored_im_upper": 0.0023462328836669857,
      "stored_re_lower": -0.0016629197184239242,
      "stored_re_upper": -0.0009678169793062702,
      "strict_sector_nondestructive": true,
      "subbox_id": "s0.85_t0__s00_t026",
      "width_ratio_im": 0.999999931773035,
      "width_ratio_re": 0.999999931865938
    },
    {
      "box_id": "s0.85_t0",
      "contains_recomputed": true,
      "d0_neg_re_upper_rat": -0.000202255911,
      "d0_neg_re_upper_stored": -0.00022433204828979178,
      "d0_neg_re_upper_strict": -0.00022433205334362614,
      "elapsed_sec": 21.799294233322144,
      "object": "RvecTail",
      "overlaps_recomputed": true,
      "recomputed_im_lower": -0.00032195635189014943,
      "recomputed_im_upper": 0.0011035067561940303,
      "recomputed_re_lower": -0.0008528450175809316,
      "recomputed_re_upper": 0.0006138431401611497,
      "status": "contains",
      "stored_im_lower": -0.0003219563984114503,
      "stored_im_upper": 0.0011035068027208986,
      "stored_re_lower": -0.0008528450658840262,
      "stored_re_upper": 0.0006138431884535945,
      "strict_sector_nondestructive": true,
      "subbox_id": "s0.85_t0__s00_t026",
      "width_ratio_im": 0.9999999347242573,
      "width_ratio_re": 0.9999999341403744
    },
    {
      "box_id": "s0.85_t0",
      "contains_recomputed": true,
      "d0_neg_re_upper_rat": -0.000202255911,
      "d0_neg_re_upper_stored": -0.00022517075525006582,
      "d0_neg_re_upper_strict": -0.00022517076030646794,
      "elapsed_sec": 19.67791438102722,
      "object": "Drest",
      "overlaps_recomputed": true,
      "recomputed_im_lower": 0.0016530524175266935,
      "recomputed_im_upper": 0.0023480916342432253,
      "recomputed_re_lower": -0.0016600778788222674,
      "recomputed_re_upper": -0.0009649981192693637,
      "status": "contains",
      "stored_im_lower": 0.0016530523938111414,
      "stored_im_upper": 0.0023480916579707704,
      "stored_re_lower": -0.0016600779025075108,
      "stored_re_upper": -0.0009649980955734465,
      "strict_sector_nondestructive": true,
      "subbox_id": "s0.85_t0__s00_t027",
      "width_ratio_im": 0.9999999317404071,
      "width_ratio_re": 0.9999999318334958
    },
    {
      "box_id": "s0.85_t0",
      "contains_recomputed": true,
      "d0_neg_re_upper_rat": -0.000202255911,
      "d0_neg_re_upper_stored": -0.00022517075525006582,
      "d0_neg_re_upper_strict": -0.00022517076030646794,
      "elapsed_sec": 19.67791438102722,
      "object": "RvecTail",
      "overlaps_recomputed": true,
      "recomputed_im_lower": -0.00032192769109021257,
      "recomputed_im_upper": 0.0011034931827988482,
      "recomputed_re_lower": -0.0008527286682789605,
      "recomputed_re_upper": 0.0006139774069568093,
      "status": "contains",
      "stored_im_lower": -0.0003219277376330208,
      "stored_im_upper": 0.0011034932293471317,
      "stored_re_lower": -0.0008527287166046895,
      "stored_re_upper": 0.0006139774552718814,
      "strict_sector_nondestructive": true,
      "subbox_id": "s0.85_t0__s00_t027",
      "width_ratio_im": 0.999999934692211,
      "width_ratio_re": 0.9999999341103194
    },
    {
      "box_id": "s0.85_t0",
      "contains_recomputed": true,
      "d0_neg_re_upper_rat": -0.000202255911,
      "d0_neg_re_upper_stored": -0.00022600869861034162,
      "d0_neg_re_upper_strict": -0.0002260087036663722,
      "elapsed_sec": 17.015293836593628,
      "object": "Drest",
      "overlaps_recomputed": true,
      "recomputed_im_lower": 0.0016549291982722262,
      "recomputed_im_upper": 0.002349946360985962,