{
  "done": true,
  "rows": [
    {
      "box_id": "s0.84_t7",
      "contains_recomputed": true,
      "d0_neg_re_upper_rat": -0.000438467649,
      "d0_neg_re_upper_stored": -0.00045540678822800446,
      "d0_neg_re_upper_strict": -0.0004554067937499799,
      "elapsed_sec": 15.784932374954224,
      "object": "Drest",
      "overlaps_recomputed": true,
      "recomputed_im_lower": 0.0022607136992532696,
      "recomputed_im_upper": 0.003012976021798124,
      "recomputed_re_lower": -0.0008705422348029671,
      "recomputed_re_upper": -0.00011877701863454668,
      "status": "contains",
      "stored_im_lower": 0.0022607136736831654,
      "stored_im_upper": 0.0030129760473811443,
      "stored_re_lower": -0.0008705422603000903,
      "stored_re_upper": -0.00011877699312596154,
      "strict_sector_nondestructive": true,
      "subbox_id": "s0.84_t7__s00_t026",
      "width_ratio_im": 0.9999999320009533,
      "width_ratio_re": 0.9999999321520818
    },
    {
      "box_id": "s0.84_t7",
      "contains_recomputed": true,
      "d0_neg_re_upper_rat": -0.000438467649,
      "d0_neg_re_upper_stored": -0.00045540678822800446,
      "d0_neg_re_upper_strict": -0.0004554067937499799,
      "elapsed_sec": 15.784932374954224,
      "object": "RvecTail",
      "overlaps_recomputed": true,
      "recomputed_im_lower": -0.0003559426518048827,
      "recomputed_im_upper": 0.0011595845106412575,
      "recomputed_re_lower": -0.0008698558990562126,
      "recomputed_re_upper": 0.0006970702401525807,
      "status": "contains",
      "stored_im_lower": -0.000355942701183314,
      "stored_im_upper": 0.001159584560019529,
      "stored_re_lower": -0.0008698559505474699,
      "stored_re_upper": 0.0006970702916380728,
      "strict_sector_nondestructive": true,
      "subbox_id": "s0.84_t7__s00_t026",
      "width_ratio_im": 0.9999999348367362,
      "width_ratio_re": 0.9999999342810487
    },
    {
      "box_id": "s0.84_t7",
      "contains_recomputed": true,
      "d0_neg_re_upper_rat": -0.000438467649,
      "d0_neg_re_upper_stored": -0.0004560415396527599,
      "d0_neg_re_upper_strict": -0.00045604154516928956,
      "elapsed_sec": 15.585393905639648,
      "object": "Drest",
      "overlaps_recomputed": true,
      "recomputed_im_lower": 0.0022614447430281833,
      "recomputed_im_upper": 0.0030136632016547578,
      "recomputed_re_lower": -0.0008667832571170604,
      "recomputed_re_upper": -0.00011506405692913477,
      "status": "contains",
      "stored_im_lower": 0.002261444717480894,
      "stored_im_upper": 0.0030136632272149367,
      "stored_re_lower": -0.0008667832825912264,
      "stored_re_upper": -0.00011506403144349621,
      "strict_sector_nondestructive": true,
      "subbox_id": "s0.84_t7__s00_t027",
      "width_ratio_im": 0.9999999320576834,
      "width_ratio_re": 0.9999999322089935
    },
    {
      "box_id": "s0.84_t7",
      "contains_recomputed": true,
      "d0_neg_re_upper_rat": -0.000438467649,
      "d0_neg_re_upper_stored": -0.0004560415396527599,
      "d0_neg_re_upper_strict": -0.00045604154516928956,
      "elapsed_sec": 15.585393905639648,
      "object": "RvecTail",
      "overlaps_recomputed": true,
      "recomputed_im_lower": -0.000355907267652048,
      "recomputed_im_upper": 0.0011595571344139963,
      "recomputed_re_lower": -0.0008697293855029032,
      "recomputed_re_upper": 0.0006971720868891207,
      "status": "contains",
      "stored_im_lower": -0.0003559073169843631,
      "stored_im_upper": 0.0011595571837461289,
      "stored_re_lower": -0.0008697294369489816,
      "stored_re_upper": 0.0006971721383294431,
      "strict_sector_nondestructive": true,
      "subbox_id": "s0.84_t7__s00_t027",
      "width_ratio_im": 0.9999999348949133,
      "width_ratio_re": 0.9999999343376748
    },
    {
      "box_id": "s0.84_t7",
      "contains_recomputed": true,
      "d0_neg_re_upper_rat": -0.000438467649,
      "d0_neg_re_upper_stored": -0.0004566750334182607,
      "d0_neg_re_upper_strict": -0.0004566750389388763,
      "elapsed_sec": 15.700514078140259,
      "object": "Drest",
      "overlaps_recomputed": true,
      "recomputed_im_lower": 0.0022621703317120493,
      "recomputed_im_upper": 0.003014345261297157,
      "recomputed_re_lower": -0.0008630233526404687,
      "recomputed_re_upper": -0.00011134999107364834,
      "status": "contains",
      "stored_im_lower": 0.0022621703061450013,
      "stored_im_upper": 0.0030143452868771027,
      "stored_re_lower": -0.0008630233781342348,
      "stored_re_upper": -0.00011134996556840661,
      "strict_sector_nondestructive": true,
      "subbox_id": "s0.84_t7__s00_t028",
      "width_ratio_im": 0.9999999320012031,
      "width_ratio_re": 0.9999999321527049
    },
    {
      "box_id": "s0.84_t7",
      "contains_recomputed": true,
      "d0_neg_re_upper_rat": -0.000438467649,
      "d0_neg_re_upper_stored": -0.0004566750334182607,
      "d0_neg_re_upper_strict": -0.0004566750389388763,
      "elapsed_sec": 15.700514078140259,
      "object": "RvecTail",
      "overlaps_recomputed": true,
      "recomputed_im_lower": -0.00035587287836619046,
      "recomputed_im_upper": 0.0011595307698007598,
      "recomputed_re_lower": -0.0008696025697190662,
      "recomputed_re_upper": 0.0006972735599483456,
      "status": "contains",
      "stored_im_lower": -0.00035587292774076434,
      "stored_im_upper": 0.0011595308191752593,
      "stored_re_lower": -0.0008696026212103656,
      "stored_re_upper": 0.0006972736114338867,
      "strict_sector_nondestructive": true,
      "subbox_id": "s0.84_t7__s00_t028",
      "width_ratio_im": 0.9999999348364595,
      "width_ratio_re": 0.999999934278893
    },
    {
      "box_id": "s0.84_t7",
      "contains_recomputed": true,
      "d0_neg_re_upper_rat": -0.000438467649,
      "d0_neg_re_upper_stored": -0.0004573072424310222,
      "d0_neg_re_upper_strict": -0.00045730724794626617,
      "elapsed_sec": 16.02246904373169,
      "object": "Drest",
      "overlaps_recomputed": true,
      "recomputed_im_lower": 0.002262890641194809,
      "recomputed_im_upper": 0.003015022021959735,
      "recomputed_re_lower": -0.0008592624145679247,
      "recomputed_re_upper": -0.00010763494777893679,
      "status": "contains",
      "stored_im_lower": 0.0022628906156500327,
      "stored_im_upper": 0.0030150220475174674,
      "stored_re_lower": -0.0008592624400392343,
      "stored_re_upper": -0.0001076349222960906,
      "strict_sector_nondestructive": true,
      "subbox_id": "s0.84_t7__s00_t029",
      "width_ratio_im": 0.9999999320564109,
      "width_ratio_re": 0.9999999322082354
    },
    {
      "box_id": "s0.84_t7",
      "contains_recomputed": true,
      "d0_neg_re_upper_rat": -0.000438467649,
      "d0_neg_re_upper_stored": -0.0004573072424310222,
      "d0_neg_re_upper_strict": -0.00045730724794626617,
      "elapsed_sec": 16.02246904373169,
      "object": "RvecTail",
      "overlaps_recomputed": true,
      "recomputed_im_lower": -0.00035583960874289197,
      "recomputed_im_upper": 0.0011595055428219334,
      "recomputed_re_lower": -0.0008694772149311188,
      "recomputed_re_upper": 0.0006973764218883422,
      "status": "contains",
      "stored_im_lower": -0.0003558396580726549,
      "stored_im_upper": 0.001159505592151538,
      "stored_re_lower": -0.0008694772663767657,
      "stored_re_upper": 0.0006973764733282305,
      "strict_sector_nondestructive": true,
      "subbox_id": "s0.84_t7__s00_t029",
      "width_ratio_im": 0.9999999348931423,
      "width_ratio_re": 0.9999999343362225
    },
    {
      "box_id": "s0.84_t7",
      "contains_recomputed": true,
      "d0_neg_re_upper_rat": -0.000438467649,
      "d0_neg_re_upper_stored": -0.00045793817129434234,
      "d0_neg_re_upper_strict": -0.0004579381768102756,
      "elapsed_sec": 15.667232990264893,
      "object": "Drest",
      "overlaps_recomputed": true,
      "recomputed_im_lower": 0.0022636056355620072,
      "recomputed_im_upper": 0.003015693516995872,