{
  "done": true,
  "rows": [
    {
      "box_id": "s0.86_t0",
      "contains_recomputed": true,
      "d0_neg_re_upper_rat": -0.000193680497,
      "d0_neg_re_upper_stored": -0.00019521870717940283,
      "d0_neg_re_upper_strict": -0.00019521871177272064,
      "elapsed_sec": 16.13853693008423,
      "object": "Drest",
      "overlaps_recomputed": true,
      "recomputed_im_lower": 0.0014260132317450906,
      "recomputed_im_upper": 0.0020611776684284736,
      "recomputed_re_lower": -0.001551384516286253,
      "recomputed_re_upper": -0.0009161439369780148,
      "status": "contains",
      "stored_im_lower": 0.0014260132099385846,
      "stored_im_upper": 0.0020611776902460265,
      "stored_re_lower": -0.00155138453806662,
      "stored_re_upper": -0.0009161439151878044,
      "strict_sector_nondestructive": true,
      "subbox_id": "s0.86_t0__s00_t002",
      "width_ratio_im": 0.9999999313184846,
      "width_ratio_re": 0.999999931410908
    },
    {
      "box_id": "s0.86_t0",
      "contains_recomputed": true,
      "d0_neg_re_upper_rat": -0.000193680497,
      "d0_neg_re_upper_stored": -0.00019521870717940283,
      "d0_neg_re_upper_strict": -0.00019521871177272064,
      "elapsed_sec": 16.13853693008423,
      "object": "RvecTail",
      "overlaps_recomputed": true,
      "recomputed_im_lower": -0.0002855527697210011,
      "recomputed_im_upper": 0.0010465980078470552,
      "recomputed_re_lower": -0.0008074109861149299,
      "recomputed_re_upper": 0.0005638932094805799,
      "status": "contains",
      "stored_im_lower": -0.0002855528133307539,
      "stored_im_upper": 0.0010465980514618382,
      "stored_re_lower": -0.0008074110314369939,
      "stored_re_upper": 0.0005638932547927595,
      "strict_sector_nondestructive": true,
      "subbox_id": "s0.86_t0__s00_t002",
      "width_ratio_im": 0.9999999345235303,
      "width_ratio_re": 0.999999933906541
    },
    {
      "box_id": "s0.86_t0",
      "contains_recomputed": true,
      "d0_neg_re_upper_rat": -0.000193680497,
      "d0_neg_re_upper_stored": -0.00019598677081378063,
      "d0_neg_re_upper_strict": -0.0001959867754111237,
      "elapsed_sec": 15.54970097541809,
      "object": "Drest",
      "overlaps_recomputed": true,
      "recomputed_im_lower": 0.0014277749509069113,
      "recomputed_im_upper": 0.002062923240371568,
      "recomputed_re_lower": -0.0015489068094740792,
      "recomputed_re_upper": -0.0009136832380406056,
      "status": "contains",
      "stored_im_lower": 0.0014277749290828568,
      "stored_im_upper": 0.002062923262206688,
      "stored_re_lower": -0.0015489068312718912,
      "stored_re_upper": -0.0009136832162329276,
      "strict_sector_nondestructive": true,
      "subbox_id": "s0.86_t0__s00_t003",
      "width_ratio_im": 0.9999999312614514,
      "width_ratio_re": 0.9999999313541107
    },
    {
      "box_id": "s0.86_t0",
      "contains_recomputed": true,
      "d0_neg_re_upper_rat": -0.000193680497,
      "d0_neg_re_upper_stored": -0.00019598677081378063,
      "d0_neg_re_upper_strict": -0.0001959867754111237,
      "elapsed_sec": 15.54970097541809,
      "object": "RvecTail",
      "overlaps_recomputed": true,
      "recomputed_im_lower": -0.00028552578037648084,
      "recomputed_im_upper": 0.0010465933119879814,
      "recomputed_re_lower": -0.0008072945217421461,
      "recomputed_re_upper": 0.0005640272606575802,
      "status": "contains",
      "stored_im_lower": -0.00028552582402503095,
      "stored_im_upper": 0.0010465933556416153,
      "stored_re_lower": -0.0008072945671036403,
      "stored_re_upper": 0.0005640273060092066,
      "strict_sector_nondestructive": true,
      "subbox_id": "s0.86_t0__s00_t003",
      "width_ratio_im": 0.9999999344636837,
      "width_ratio_re": 0.9999999338498697
    },
    {
      "box_id": "s0.86_t0",
      "contains_recomputed": true,
      "d0_neg_re_upper_rat": -0.000193680497,
      "d0_neg_re_upper_stored": -0.00019675417196609698,
      "d0_neg_re_upper_strict": -0.000196754176559622,
      "elapsed_sec": 15.153820514678955,
      "object": "Drest",
      "overlaps_recomputed": true,
      "recomputed_im_lower": 0.0014295332905626481,
      "recomputed_im_upper": 0.0020646652029962967,
      "recomputed_re_lower": -0.0015464264934454723,
      "recomputed_re_upper": -0.0009112201684553309,
      "status": "contains",
      "stored_im_lower": 0.0014295332687569648,
      "stored_im_upper": 0.0020646652248130794,
      "stored_re_lower": -0.001546426515224806,
      "stored_re_upper": -0.0009112201466661124,
      "strict_sector_nondestructive": true,
      "subbox_id": "s0.86_t0__s00_t004",
      "width_ratio_im": 0.9999999313174756,
      "width_ratio_re": 0.9999999314103977
    },
    {
      "box_id": "s0.86_t0",
      "contains_recomputed": true,
      "d0_neg_re_upper_rat": -0.000193680497,
      "d0_neg_re_upper_stored": -0.00019675417196609698,
      "d0_neg_re_upper_strict": -0.000196754176559622,
      "elapsed_sec": 15.153820514678955,
      "object": "RvecTail",
      "overlaps_recomputed": true,
      "recomputed_im_lower": -0.00028549844535673854,
      "recomputed_im_upper": 0.0010465882407485608,
      "recomputed_re_lower": -0.0008071782824476214,
      "recomputed_re_upper": 0.0005641614587082014,
      "status": "contains",
      "stored_im_lower": -0.00028549848896605316,
      "stored_im_upper": 0.0010465882843629683,
      "stored_re_lower": -0.0008071783277713474,
      "stored_re_upper": 0.000564161504022062,
      "strict_sector_nondestructive": true,
      "subbox_id": "s0.86_t0__s00_t004",
      "width_ratio_im": 0.9999999345209909,
      "width_ratio_re": 0.9999999339058164
    },
    {
      "box_id": "s0.86_t0",
      "contains_recomputed": true,
      "d0_neg_re_upper_rat": -0.000193680497,
      "d0_neg_re_upper_stored": -0.00019752092388774717,
      "d0_neg_re_upper_strict": -0.00019752092848133085,
      "elapsed_sec": 15.253427267074585,
      "object": "Drest",
      "overlaps_recomputed": true,
      "recomputed_im_lower": 0.0014312882454923252,
      "recomputed_im_upper": 0.0020664035562924844,
      "recomputed_re_lower": -0.0015439435567385456,
      "recomputed_re_upper": -0.0009087547524197253,
      "status": "contains",
      "stored_im_lower": 0.0014312882236871007,
      "stored_im_upper": 0.0020664035781087072,
      "stored_re_lower": -0.0015439435785173036,
      "stored_re_upper": -0.0009087547306312037,
      "strict_sector_nondestructive": true,
      "subbox_id": "s0.86_t0__s00_t005",
      "width_ratio_im": 0.9999999313172843,
      "width_ratio_re": 0.9999999314105091
    },
    {
      "box_id": "s0.86_t0",
      "contains_recomputed": true,
      "d0_neg_re_upper_rat": -0.000193680497,
      "d0_neg_re_upper_stored": -0.00019752092388774717,
      "d0_neg_re_upper_strict": -0.00019752092848133085,
      "elapsed_sec": 15.253427267074585,
      "object": "RvecTail",
      "overlaps_recomputed": true,
      "recomputed_im_lower": -0.00028547094076968624,
      "recomputed_im_upper": 0.0010465829704939655,
      "recomputed_re_lower": -0.0008070622414810345,
      "recomputed_re_upper": 0.0005642957767976653,
      "status": "contains",
      "stored_im_lower": -0.0002854709843764742,
      "stored_im_upper": 0.0010465830141057552,
      "stored_re_lower": -0.0008070622868040245,
      "stored_re_upper": 0.0005642958221107817,
      "strict_sector_nondestructive": true,
      "subbox_id": "s0.86_t0__s00_t005",
      "width_ratio_im": 0.9999999345232418,
      "width_ratio_re": 0.9999999339077766
    },
    {
      "box_id": "s0.86_t0",
      "contains_recomputed": true,
      "d0_neg_re_upper_rat": -0.000193680497,
      "d0_neg_re_upper_stored": -0.0001982870191052567,
      "d0_neg_re_upper_strict": -0.00019828702370292873,
      "elapsed_sec": 15.135411977767944,
      "object": "Drest",
      "overlaps_recomputed": true,
      "recomputed_im_lower": 0.001433039760101541,
      "recomputed_im_upper": 0.002068138347537806,