{
  "done": true,
  "rows": [
    {
      "box_id": "s0.86_t0",
      "contains_recomputed": true,
      "d0_neg_re_upper_rat": -0.000193680497,
      "d0_neg_re_upper_stored": -0.0002028693881324487,
      "d0_neg_re_upper_strict": -0.00020286939272667822,
      "elapsed_sec": 15.503762245178223,
      "object": "Drest",
      "overlaps_recomputed": true,
      "recomputed_im_lower": 0.0014434767018792949,
      "recomputed_im_upper": 0.0020784718123174066,
      "recomputed_re_lower": -0.0015264917567875541,
      "recomputed_re_upper": -0.0008914297999047813,
      "status": "contains",
      "stored_im_lower": 0.001443476680076586,
      "stored_im_upper": 0.0020784718341311445,
      "stored_re_lower": -0.0015264917785629904,
      "stored_re_upper": -0.0008914297781195623,
      "strict_sector_nondestructive": true,
      "subbox_id": "s0.86_t0__s00_t012",
      "width_ratio_im": 0.999999931312158,
      "width_ratio_re": 0.9999999314072401
    },
    {
      "box_id": "s0.86_t0",
      "contains_recomputed": true,
      "d0_neg_re_upper_rat": -0.000193680497,
      "d0_neg_re_upper_stored": -0.0002028693881324487,
      "d0_neg_re_upper_strict": -0.00020286939272667822,
      "elapsed_sec": 15.503762245178223,
      "object": "RvecTail",
      "overlaps_recomputed": true,
      "recomputed_im_lower": -0.00028527300720256575,
      "recomputed_im_upper": 0.0010465398607521974,
      "recomputed_re_lower": -0.0008062453480416817,
      "recomputed_re_upper": 0.0005652292135027513,
      "status": "contains",
      "stored_im_lower": -0.0002852730508043899,
      "stored_im_upper": 0.001046539904359071,
      "stored_re_lower": -0.0008062453933694014,
      "stored_re_upper": 0.0005652292588205872,
      "strict_sector_nondestructive": true,
      "subbox_id": "s0.86_t0__s00_t012",
      "width_ratio_im": 0.9999999345188095,
      "width_ratio_re": 0.9999999339065031
    },
    {
      "box_id": "s0.86_t0",
      "contains_recomputed": true,
      "d0_neg_re_upper_rat": -0.000193680497,
      "d0_neg_re_upper_stored": -0.0002036307154325705,
      "d0_neg_re_upper_strict": -0.00020363072003076087,
      "elapsed_sec": 15.578077554702759,
      "object": "Drest",
      "overlaps_recomputed": true,
      "recomputed_im_lower": 0.0014452041615393896,
      "recomputed_im_upper": 0.002080181449405034,
      "recomputed_re_lower": -0.0015239885142328984,
      "recomputed_re_upper": -0.0008889452988072845,
      "status": "contains",
      "stored_im_lower": 0.0014452041397193763,
      "stored_im_upper": 0.0020801814712360896,
      "stored_re_lower": -0.0015239885360255501,
      "stored_re_upper": -0.0008889452770048205,
      "strict_sector_nondestructive": true,
      "subbox_id": "s0.86_t0__s00_t013",
      "width_ratio_im": 0.9999999312557052,
      "width_ratio_re": 0.9999999313509512
    },
    {
      "box_id": "s0.86_t0",
      "contains_recomputed": true,
      "d0_neg_re_upper_rat": -0.000193680497,
      "d0_neg_re_upper_stored": -0.0002036307154325705,
      "d0_neg_re_upper_strict": -0.00020363072003076087,
      "elapsed_sec": 15.578077554702759,
      "object": "RvecTail",
      "overlaps_recomputed": true,
      "recomputed_im_lower": -0.0002852451116600787,
      "recomputed_im_upper": 0.001046533967631853,
      "recomputed_re_lower": -0.0008061289967413932,
      "recomputed_re_upper": 0.0005653625975731514,
      "status": "contains",
      "stored_im_lower": -0.00028524515529768524,
      "stored_im_upper": 0.0010465340112745134,
      "stored_re_lower": -0.0008061290421083043,
      "stored_re_upper": 0.0005653626429302047,
      "strict_sector_nondestructive": true,
      "subbox_id": "s0.86_t0__s00_t013",
      "width_ratio_im": 0.9999999344634086,
      "width_ratio_re": 0.9999999338501535
    },
    {
      "box_id": "s0.86_t0",
      "contains_recomputed": true,
      "d0_neg_re_upper_rat": -0.000193680497,
      "d0_neg_re_upper_stored": -0.00020439127378363235,
      "d0_neg_re_upper_strict": -0.00020439127837794483,
      "elapsed_sec": 15.413338661193848,
      "object": "Drest",
      "overlaps_recomputed": true,
      "recomputed_im_lower": 0.0014469279975435451,
      "recomputed_im_upper": 0.0020818876541442463,
      "recomputed_re_lower": -0.001521482973493106,
      "recomputed_re_upper": -0.0008864582182996531,
      "status": "contains",
      "stored_im_lower": 0.0014469279757420882,
      "stored_im_upper": 0.002081887675956743,
      "stored_re_lower": -0.0015214829952670608,
      "stored_re_upper": -0.0008864581965158777,
      "strict_sector_nondestructive": true,
      "subbox_id": "s0.86_t0__s00_t014",
      "width_ratio_im": 0.9999999313122493,
      "width_ratio_re": 0.999999931407828
    },
    {
      "box_id": "s0.86_t0",
      "contains_recomputed": true,
      "d0_neg_re_upper_rat": -0.000193680497,
      "d0_neg_re_upper_stored": -0.00020439127378363235,
      "d0_neg_re_upper_strict": -0.00020439127837794483,
      "elapsed_sec": 15.413338661193848,
      "object": "RvecTail",
      "overlaps_recomputed": true,
      "recomputed_im_lower": -0.0002852167496163612,
      "recomputed_im_upper": 0.0010465275796045853,
      "recomputed_re_lower": -0.0008060144201486883,
      "recomputed_re_upper": 0.0005654976792217872,
      "status": "contains",
      "stored_im_lower": -0.00028521679321527626,
      "stored_im_upper": 0.0010465276232084735,
      "stored_re_lower": -0.0008060144654775331,
      "stored_re_upper": 0.000565497724540745,
      "strict_sector_nondestructive": true,
      "subbox_id": "s0.86_t0__s00_t014",
      "width_ratio_im": 0.9999999345198656,
      "width_ratio_re": 0.9999999339066737
    },
    {
      "box_id": "s0.86_t0",
      "contains_recomputed": true,
      "d0_neg_re_upper_rat": -0.000193680497,
      "d0_neg_re_upper_stored": -0.00020515112579373411,
      "d0_neg_re_upper_strict": -0.00020515113039206443,
      "elapsed_sec": 16.183259963989258,
      "object": "Drest",
      "overlaps_recomputed": true,
      "recomputed_im_lower": 0.0014486484220739904,
      "recomputed_im_upper": 0.0020835902045993754,
      "recomputed_re_lower": -0.0015189748887191917,
      "recomputed_re_upper": -0.0008839688120904365,
      "status": "contains",
      "stored_im_lower": 0.0014486484002549282,
      "stored_im_upper": 0.0020835902264295103,
      "stored_re_lower": -0.0015189749105106584,
      "stored_re_upper": -0.0008839687902891344,
      "strict_sector_nondestructive": true,
      "subbox_id": "s0.86_t0__s00_t015",
      "width_ratio_im": 0.999999931254809,
      "width_ratio_re": 0.9999999313506321
    },
    {
      "box_id": "s0.86_t0",
      "contains_recomputed": true,
      "d0_neg_re_upper_rat": -0.000193680497,
      "d0_neg_re_upper_stored": -0.00020515112579373411,
      "d0_neg_re_upper_strict": -0.00020515113039206443,
      "elapsed_sec": 16.183259963989258,
      "object": "RvecTail",
      "overlaps_recomputed": true,
      "recomputed_im_lower": -0.00028518805232115985,
      "recomputed_im_upper": 0.0010465208280224314,
      "recomputed_re_lower": -0.000805901447891441,
      "recomputed_re_upper": 0.0005656342875881256,
      "status": "contains",
      "stored_im_lower": -0.00028518809595743164,
      "stored_im_upper": 0.0010465208716637553,
      "stored_re_lower": -0.0008059014932606807,
      "stored_re_upper": 0.0005656343329474576,
      "strict_sector_nondestructive": true,
      "subbox_id": "s0.86_t0__s00_t015",
      "width_ratio_im": 0.9999999344619599,
      "width_ratio_re": 0.9999999338489234
    },
    {
      "box_id": "s0.86_t0",
      "contains_recomputed": true,
      "d0_neg_re_upper_rat": -0.000193680497,
      "d0_neg_re_upper_stored": -0.00020591031784866838,
      "d0_neg_re_upper_strict": -0.00020591032244317303,
      "elapsed_sec": 16.768036603927612,
      "object": "Drest",
      "overlaps_recomputed": true,
      "recomputed_im_lower": 0.0014503654674070613,
      "recomputed_im_upper": 0.0020852890636409694,