{
  "done": true,
  "rows": [
    {
      "box_id": "s0.84_t7",
      "contains_recomputed": true,
      "d0_neg_re_upper_rat": -0.000438467649,
      "d0_neg_re_upper_stored": -0.0004489896574503463,
      "d0_neg_re_upper_strict": -0.00044898966297663155,
      "elapsed_sec": 15.66076111793518,
      "object": "Drest",
      "overlaps_recomputed": true,
      "recomputed_im_lower": 0.00225310864773984,
      "recomputed_im_upper": 0.003005817841854812,
      "recomputed_re_lower": -0.0009080797234860636,
      "recomputed_re_upper": -0.00015584410318158714,
      "status": "contains",
      "stored_im_lower": 0.0022531086221661083,
      "stored_im_upper": 0.003005817867441429,
      "stored_re_lower": -0.0009080797489885234,
      "stored_re_upper": -0.00015584407766774288,
      "strict_sector_nondestructive": true,
      "subbox_id": "s0.84_t7__s00_t016",
      "width_ratio_im": 0.9999999320317255,
      "width_ratio_re": 0.9999999321804242
    },
    {
      "box_id": "s0.84_t7",
      "contains_recomputed": true,
      "d0_neg_re_upper_rat": -0.000438467649,
      "d0_neg_re_upper_stored": -0.0004489896574503463,
      "d0_neg_re_upper_strict": -0.00044898966297663155,
      "elapsed_sec": 15.66076111793518,
      "object": "RvecTail",
      "overlaps_recomputed": true,
      "recomputed_im_lower": -0.0003562831570999933,
      "recomputed_im_upper": 0.0011598458457589339,
      "recomputed_re_lower": -0.0008711149795271127,
      "recomputed_re_upper": 0.000696041754655969,
      "status": "contains",
      "stored_im_lower": -0.00035628320647579007,
      "stored_im_upper": 0.0011598458951345896,
      "stored_re_lower": -0.0008711150310032818,
      "stored_re_upper": 0.0006960418061264203,
      "strict_sector_nondestructive": true,
      "subbox_id": "s0.84_t7__s00_t016",
      "width_ratio_im": 0.9999999348660663,
      "width_ratio_re": 0.9999999343099439
    },
    {
      "box_id": "s0.84_t7",
      "contains_recomputed": true,
      "d0_neg_re_upper_rat": -0.000438467649,
      "d0_neg_re_upper_stored": -0.000449636898373974,
      "d0_neg_re_upper_strict": -0.0004496369038991482,
      "elapsed_sec": 15.373924016952515,
      "object": "Drest",
      "overlaps_recomputed": true,
      "recomputed_im_lower": 0.002253892745849263,
      "recomputed_im_upper": 0.0030065575562769997,
      "recomputed_re_lower": -0.0009043309969310194,
      "recomputed_re_upper": -0.00015214199189805794,
      "status": "contains",
      "stored_im_lower": 0.0022538927202796297,
      "stored_im_upper": 0.003006557581859561,
      "stored_re_lower": -0.0009043310224292369,
      "stored_re_upper": -0.00015214196638838696,
      "strict_sector_nondestructive": true,
      "subbox_id": "s0.84_t7__s00_t017",
      "width_ratio_im": 0.9999999320385512,
      "width_ratio_re": 0.9999999321874092
    },
    {
      "box_id": "s0.84_t7",
      "contains_recomputed": true,
      "d0_neg_re_upper_rat": -0.000438467649,
      "d0_neg_re_upper_stored": -0.000449636898373974,
      "d0_neg_re_upper_strict": -0.0004496369038991482,
      "elapsed_sec": 15.373924016952515,
      "object": "RvecTail",
      "overlaps_recomputed": true,
      "recomputed_im_lower": -0.00035625117477212757,
      "recomputed_im_upper": 0.001159821707452945,
      "recomputed_re_lower": -0.0008709893308962085,
      "recomputed_re_upper": 0.0006961451884353647,
      "status": "contains",
      "stored_im_lower": -0.00035625122414438694,
      "stored_im_upper": 0.0011598217568251443,
      "stored_re_lower": -0.0008709893823704268,
      "stored_re_upper": 0.0006961452399038093,
      "strict_sector_nondestructive": true,
      "subbox_id": "s0.84_t7__s00_t017",
      "width_ratio_im": 0.9999999348682683,
      "width_ratio_re": 0.9999999343115381
    },
    {
      "box_id": "s0.84_t7",
      "contains_recomputed": true,
      "d0_neg_re_upper_rat": -0.000438467649,
      "d0_neg_re_upper_stored": -0.00045028290958330736,
      "d0_neg_re_upper_strict": -0.00045028291510571623,
      "elapsed_sec": 16.239447593688965,
      "object": "Drest",
      "overlaps_recomputed": true,
      "recomputed_im_lower": 0.002254671707517343,
      "recomputed_im_upper": 0.0030072918634292908,
      "recomputed_re_lower": -0.0009005810613020279,
      "recomputed_re_upper": -0.00014843891258600178,
      "status": "contains",
      "stored_im_lower": 0.0022546716819583207,
      "stored_im_upper": 0.0030072918890012056,
      "stored_re_lower": -0.000900581086789458,
      "stored_re_upper": -0.00014843888708722565,
      "strict_sector_nondestructive": true,
      "subbox_id": "s0.84_t7__s00_t018",
      "width_ratio_im": 0.9999999320627633,
      "width_ratio_re": 0.9999999322120123
    },
    {
      "box_id": "s0.84_t7",
      "contains_recomputed": true,
      "d0_neg_re_upper_rat": -0.000438467649,
      "d0_neg_re_upper_stored": -0.00045028290958330736,
      "d0_neg_re_upper_strict": -0.00045028291510571623,
      "elapsed_sec": 16.239447593688965,
      "object": "RvecTail",
      "overlaps_recomputed": true,
      "recomputed_im_lower": -0.00035621868582024087,
      "recomputed_im_upper": 0.0011597970785298189,
      "recomputed_re_lower": -0.0008708641943310984,
      "recomputed_re_upper": 0.0006962490616123661,
      "status": "contains",
      "stored_im_lower": -0.00035621873517155395,
      "stored_im_upper": 0.0011597971278810137,
      "stored_re_lower": -0.0008708642457835729,
      "stored_re_upper": 0.0006962491130590707,
      "strict_sector_nondestructive": true,
      "subbox_id": "s0.84_t7__s00_t018",
      "width_ratio_im": 0.999999934893486,
      "width_ratio_re": 0.9999999343383945
    },
    {
      "box_id": "s0.84_t7",
      "contains_recomputed": true,
      "d0_neg_re_upper_rat": -0.000438467649,
      "d0_neg_re_upper_stored": -0.00045092771330941246,
      "d0_neg_re_upper_strict": -0.00045092771883595555,
      "elapsed_sec": 15.672266960144043,
      "object": "Drest",
      "overlaps_recomputed": true,
      "recomputed_im_lower": 0.002255445447385432,
      "recomputed_im_upper": 0.0030080208435153463,
      "recomputed_re_lower": -0.0008968299469056236,
      "recomputed_re_upper": -0.00014473484851138953,
      "status": "contains",
      "stored_im_lower": 0.0022554454218059357,
      "stored_im_upper": 0.003008020869107762,
      "stored_re_lower": -0.0008968299724133437,
      "stored_re_upper": -0.000144734822992273,
      "strict_sector_nondestructive": true,
      "subbox_id": "s0.84_t7__s00_t019",
      "width_ratio_im": 0.9999999320042763,
      "width_ratio_re": 0.9999999321537486
    },
    {
      "box_id": "s0.84_t7",
      "contains_recomputed": true,
      "d0_neg_re_upper_rat": -0.000438467649,
      "d0_neg_re_upper_stored": -0.00045092771330941246,
      "d0_neg_re_upper_strict": -0.00045092771883595555,
      "elapsed_sec": 15.672266960144043,
      "object": "RvecTail",
      "overlaps_recomputed": true,
      "recomputed_im_lower": -0.00035618565641247116,
      "recomputed_im_upper": 0.0011597719251661158,
      "recomputed_re_lower": -0.0008707389181147935,
      "recomputed_re_upper": 0.0006963527225423074,
      "status": "contains",
      "stored_im_lower": -0.000356185705803059,
      "stored_im_upper": 0.0011597719745566953,
      "stored_re_lower": -0.0008707389696100855,
      "stored_re_upper": 0.0006963527740318206,
      "strict_sector_nondestructive": true,
      "subbox_id": "s0.84_t7__s00_t019",
      "width_ratio_im": 0.9999999348390997,
      "width_ratio_re": 0.9999999342828486
    },
    {
      "box_id": "s0.84_t7",
      "contains_recomputed": true,
      "d0_neg_re_upper_rat": -0.000438467649,
      "d0_neg_re_upper_stored": -0.0004515713093948729,
      "d0_neg_re_upper_strict": -0.00045157131491603574,
      "elapsed_sec": 16.11219573020935,
      "object": "Drest",
      "overlaps_recomputed": true,
      "recomputed_im_lower": 0.0022562138196544662,
      "recomputed_im_upper": 0.0030087446411105187,