{
  "done": true,
  "rows": [
    {
      "box_id": "s0.84_t1",
      "contains_recomputed": true,
      "d0_neg_re_upper_rat": -0.000246041755,
      "d0_neg_re_upper_stored": -0.0002534014149208587,
      "d0_neg_re_upper_strict": -0.0002534014204974488,
      "elapsed_sec": 15.667500972747803,
      "object": "Drest",
      "overlaps_recomputed": true,
      "recomputed_im_lower": 0.0019029325341056976,
      "recomputed_im_upper": 0.002663806849977764,
      "recomputed_re_lower": -0.00178398268258167,
      "recomputed_re_upper": -0.0010231110022312455,
      "status": "contains",
      "stored_im_lower": 0.0019029325083109979,
      "stored_im_upper": 0.0026638068757854653,
      "stored_re_lower": -0.0017839827083418742,
      "stored_re_upper": -0.0010231109764593925,
      "strict_sector_nondestructive": true,
      "subbox_id": "s0.84_t1__s00_t008",
      "width_ratio_im": 0.9999999321801294,
      "width_ratio_re": 0.9999999322723462
    },
    {
      "box_id": "s0.84_t1",
      "contains_recomputed": true,
      "d0_neg_re_upper_rat": -0.000246041755,
      "d0_neg_re_upper_stored": -0.0002534014149208587,
      "d0_neg_re_upper_strict": -0.0002534014204974488,
      "elapsed_sec": 15.667500972747803,
      "object": "RvecTail",
      "overlaps_recomputed": true,
      "recomputed_im_lower": -0.0003621604949435785,
      "recomputed_im_upper": 0.0011639923632082356,
      "recomputed_re_lower": -0.0009018384975374753,
      "recomputed_re_upper": 0.0006674457235058531,
      "status": "contains",
      "stored_im_lower": -0.00036216054461743556,
      "stored_im_upper": 0.0011639924128860261,
      "stored_re_lower": -0.0009018385490562685,
      "stored_re_upper": 0.0006674457750152061,
      "strict_sector_nondestructive": true,
      "subbox_id": "s0.84_t1__s00_t008",
      "width_ratio_im": 0.9999999349005962,
      "width_ratio_re": 0.9999999343470493
    },
    {
      "box_id": "s0.84_t1",
      "contains_recomputed": true,
      "d0_neg_re_upper_rat": -0.000246041755,
      "d0_neg_re_upper_stored": -0.00025431735720619415,
      "d0_neg_re_upper_strict": -0.00025431736278490926,
      "elapsed_sec": 15.702496528625488,
      "object": "Drest",
      "overlaps_recomputed": true,
      "recomputed_im_lower": 0.0019049412091025212,
      "recomputed_im_upper": 0.002665788624687719,
      "recomputed_re_lower": -0.001780735287140694,
      "recomputed_re_upper": -0.001019891810604699,
      "status": "contains",
      "stored_im_lower": 0.001904941183299832,
      "stored_im_upper": 0.0026657886505034034,
      "stored_re_lower": -0.001780735312908763,
      "stored_re_upper": -0.0010198917848249795,
      "strict_sector_nondestructive": true,
      "subbox_id": "s0.84_t1__s00_t009",
      "width_ratio_im": 0.9999999321567389,
      "width_ratio_re": 0.9999999322491594
    },
    {
      "box_id": "s0.84_t1",
      "contains_recomputed": true,
      "d0_neg_re_upper_rat": -0.000246041755,
      "d0_neg_re_upper_stored": -0.00025431735720619415,
      "d0_neg_re_upper_strict": -0.00025431736278490926,
      "elapsed_sec": 15.702496528625488,
      "object": "RvecTail",
      "overlaps_recomputed": true,
      "recomputed_im_lower": -0.0003621398023344782,
      "recomputed_im_upper": 0.0011639790314832814,
      "recomputed_re_lower": -0.0009017224738761502,
      "recomputed_re_upper": 0.0006675798277888681,
      "status": "contains",
      "stored_im_lower": -0.000362139852025263,
      "stored_im_upper": 0.0011639790811779284,
      "stored_re_lower": -0.0009017225254141038,
      "stored_re_upper": 0.0006675798793174126,
      "strict_sector_nondestructive": true,
      "subbox_id": "s0.84_t1__s00_t009",
      "width_ratio_im": 0.9999999348770076,
      "width_ratio_re": 0.9999999343233671
    },
    {
      "box_id": "s0.84_t1",
      "contains_recomputed": true,
      "d0_neg_re_upper_rat": -0.000246041755,
      "d0_neg_re_upper_stored": -0.0002552323816360677,
      "d0_neg_re_upper_strict": -0.00025523238721151213,
      "elapsed_sec": 15.996143579483032,
      "object": "Drest",
      "overlaps_recomputed": true,
      "recomputed_im_lower": 0.0019069453706493983,
      "recomputed_im_upper": 0.0026677657618725866,
      "recomputed_re_lower": -0.0017774850227592134,
      "recomputed_re_upper": -0.0010166698250373544,
      "status": "contains",
      "stored_im_lower": 0.0019069453448626345,
      "stored_im_upper": 0.0026677657876723535,
      "stored_re_lower": -0.0017774850485111906,
      "stored_re_upper": -0.0010166697992737136,
      "strict_sector_nondestructive": true,
      "subbox_id": "s0.84_t1__s00_t010",
      "width_ratio_im": 0.9999999321961823,
      "width_ratio_re": 0.9999999322889256
    },
    {
      "box_id": "s0.84_t1",
      "contains_recomputed": true,
      "d0_neg_re_upper_rat": -0.000246041755,
      "d0_neg_re_upper_stored": -0.0002552323816360677,
      "d0_neg_re_upper_strict": -0.00025523238721151213,
      "elapsed_sec": 15.996143579483032,
      "object": "RvecTail",
      "overlaps_recomputed": true,
      "recomputed_im_lower": -0.0003621186650396733,
      "recomputed_im_upper": 0.001163965241609202,
      "recomputed_re_lower": -0.0009016060990210658,
      "recomputed_re_upper": 0.000667713485510129,
      "status": "contains",
      "stored_im_lower": -0.0003621187146985716,
      "stored_im_upper": 0.0011639652912720459,
      "stored_re_lower": -0.0009016061505269194,
      "stored_re_upper": 0.0006677135370065558,
      "strict_sector_nondestructive": true,
      "subbox_id": "s0.84_t1__s00_t010",
      "width_ratio_im": 0.999999934917251,
      "width_ratio_re": 0.9999999343650111
    },
    {
      "box_id": "s0.84_t1",
      "contains_recomputed": true,
      "d0_neg_re_upper_rat": -0.000246041755,
      "d0_neg_re_upper_stored": -0.0002561465335717049,
      "d0_neg_re_upper_strict": -0.0002561465391521792,
      "elapsed_sec": 15.492234230041504,
      "object": "Drest",
      "overlaps_recomputed": true,
      "recomputed_im_lower": 0.001908945171714307,
      "recomputed_im_upper": 0.0026697381034995996,
      "recomputed_re_lower": -0.0017742317124641198,
      "recomputed_re_upper": -0.0010134452355638282,
      "status": "contains",
      "stored_im_lower": 0.0019089451459063074,
      "stored_im_upper": 0.0026697381293206285,
      "stored_re_lower": -0.0017742317382372407,
      "stored_re_upper": -0.0010134452097790216,
      "strict_sector_nondestructive": true,
      "subbox_id": "s0.84_t1__s00_t011",
      "width_ratio_im": 0.999999932137875,
      "width_ratio_re": 0.9999999322307566
    },
    {
      "box_id": "s0.84_t1",
      "contains_recomputed": true,
      "d0_neg_re_upper_rat": -0.000246041755,
      "d0_neg_re_upper_stored": -0.0002561465335717049,
      "d0_neg_re_upper_strict": -0.0002561465391521792,
      "elapsed_sec": 15.492234230041504,
      "object": "RvecTail",
      "overlaps_recomputed": true,
      "recomputed_im_lower": -0.00036209700568500143,
      "recomputed_im_upper": 0.0011639509161750496,
      "recomputed_re_lower": -0.0009014893190158904,
      "recomputed_re_upper": 0.0006678466429485037,
      "status": "contains",
      "stored_im_lower": -0.00036209705538478907,
      "stored_im_upper": 0.0011639509658787673,
      "stored_re_lower": -0.0009014893705660693,
      "stored_re_upper": 0.0006678466944893326,
      "strict_sector_nondestructive": true,
      "subbox_id": "s0.84_t1__s00_t011",
      "width_ratio_im": 0.999999934862138,
      "width_ratio_re": 0.999999934309158
    },
    {
      "box_id": "s0.84_t1",
      "contains_recomputed": true,
      "d0_neg_re_upper_rat": -0.000246041755,
      "d0_neg_re_upper_stored": -0.00025705976650589117,
      "d0_neg_re_upper_strict": -0.00025705977208173456,
      "elapsed_sec": 15.803539276123047,
      "object": "Drest",
      "overlaps_recomputed": true,
      "recomputed_im_lower": 0.0019109403749135879,
      "recomputed_im_upper": 0.0026717058774105556,