{
  "done": true,
  "rows": [
    {
      "box_id": "s0.84_t0",
      "contains_recomputed": true,
      "d0_neg_re_upper_rat": -0.00020839735,
      "d0_neg_re_upper_stored": -0.00021793736515272695,
      "d0_neg_re_upper_strict": -0.00021793737072130052,
      "elapsed_sec": 17.854845762252808,
      "object": "Drest",
      "overlaps_recomputed": true,
      "recomputed_im_lower": 0.0018233103481071031,
      "recomputed_im_upper": 0.002585093943861895,
      "recomputed_re_lower": -0.001905163842933216,
      "recomputed_re_upper": -0.0011433364596883742,
      "status": "contains",
      "stored_im_lower": 0.0018233103222845546,
      "stored_im_upper": 0.002585093969697436,
      "stored_re_lower": -0.00190516386872609,
      "stored_re_upper": -0.001143336433883866,
      "strict_sector_nondestructive": true,
      "subbox_id": "s0.84_t0__s00_t010",
      "width_ratio_im": 0.9999999321879777,
      "width_ratio_re": 0.9999999322715617
    },
    {
      "box_id": "s0.84_t0",
      "contains_recomputed": true,
      "d0_neg_re_upper_rat": -0.00020839735,
      "d0_neg_re_upper_stored": -0.00021793736515272695,
      "d0_neg_re_upper_strict": -0.00021793737072130052,
      "elapsed_sec": 17.854845762252808,
      "object": "RvecTail",
      "overlaps_recomputed": true,
      "recomputed_im_lower": -0.0003630111690433981,
      "recomputed_im_upper": 0.0011645519373990295,
      "recomputed_re_lower": -0.000906247887039812,
      "recomputed_re_upper": 0.0006622790336486888,
      "status": "contains",
      "stored_im_lower": -0.00036301121876836876,
      "stored_im_upper": 0.001164551987128816,
      "stored_re_lower": -0.0009062479385429868,
      "stored_re_upper": 0.0006622790851415735,
      "strict_sector_nondestructive": true,
      "subbox_id": "s0.84_t0__s00_t010",
      "width_ratio_im": 0.9999999348931967,
      "width_ratio_re": 0.9999999343358081
    },
    {
      "box_id": "s0.84_t0",
      "contains_recomputed": true,
      "d0_neg_re_upper_rat": -0.00020839735,
      "d0_neg_re_upper_stored": -0.00021888675599487491,
      "d0_neg_re_upper_strict": -0.00021888676156317312,
      "elapsed_sec": 24.414456129074097,
      "object": "Drest",
      "overlaps_recomputed": true,
      "recomputed_im_lower": 0.0018254868573618938,
      "recomputed_im_upper": 0.0025872494095877142,
      "recomputed_re_lower": -0.001902031769007507,
      "recomputed_re_upper": -0.0011402266485626468,
      "status": "contains",
      "stored_im_lower": 0.001825486831542453,
      "stored_im_upper": 0.0025872494354201485,
      "stored_re_lower": -0.0019020317947971248,
      "stored_re_upper": -0.0011402266227613681,
      "strict_sector_nondestructive": true,
      "subbox_id": "s0.84_t0__s00_t011",
      "width_ratio_im": 0.9999999321942626,
      "width_ratio_re": 0.9999999322780964
    },
    {
      "box_id": "s0.84_t0",
      "contains_recomputed": true,
      "d0_neg_re_upper_rat": -0.00020839735,
      "d0_neg_re_upper_stored": -0.00021888675599487491,
      "d0_neg_re_upper_strict": -0.00021888676156317312,
      "elapsed_sec": 24.414456129074097,
      "object": "RvecTail",
      "overlaps_recomputed": true,
      "recomputed_im_lower": -0.00036298763137231305,
      "recomputed_im_upper": 0.0011645363759166083,
      "recomputed_re_lower": -0.0009061297581346669,
      "recomputed_re_upper": 0.0006624147018363987,
      "status": "contains",
      "stored_im_lower": -0.0003629876810913207,
      "stored_im_upper": 0.001164536425640394,
      "stored_re_lower": -0.0009061298096332902,
      "stored_re_upper": 0.0006624147533248104,
      "strict_sector_nondestructive": true,
      "subbox_id": "s0.84_t0__s00_t011",
      "width_ratio_im": 0.9999999348993625,
      "width_ratio_re": 0.9999999343422958
    },
    {
      "box_id": "s0.84_t0",
      "contains_recomputed": true,
      "d0_neg_re_upper_rat": -0.00020839735,
      "d0_neg_re_upper_stored": -0.0002198353108062835,
      "d0_neg_re_upper_strict": -0.000219835316372804,
      "elapsed_sec": 22.37715792655945,
      "object": "Drest",
      "overlaps_recomputed": true,
      "recomputed_im_lower": 0.001827659082317284,
      "recomputed_im_upper": 0.002589400327530941,
      "recomputed_re_lower": -0.0018988964786641736,
      "recomputed_re_upper": -0.0011371139072678543,
      "status": "contains",
      "stored_im_lower": 0.0018276590565076889,
      "stored_im_upper": 0.0025894003533534922,
      "stored_re_lower": -0.0018988965044438191,
      "stored_re_upper": -0.0011371138814766024,
      "strict_sector_nondestructive": true,
      "subbox_id": "s0.84_t0__s00_t012",
      "width_ratio_im": 0.9999999322182657,
      "width_ratio_re": 0.9999999323023446
    },
    {
      "box_id": "s0.84_t0",
      "contains_recomputed": true,
      "d0_neg_re_upper_rat": -0.00020839735,
      "d0_neg_re_upper_stored": -0.0002198353108062835,
      "d0_neg_re_upper_strict": -0.000219835316372804,
      "elapsed_sec": 22.37715792655945,
      "object": "RvecTail",
      "overlaps_recomputed": true,
      "recomputed_im_lower": -0.00036296483079568986,
      "recomputed_im_upper": 0.0011645215327986587,
      "recomputed_re_lower": -0.0009060113453542052,
      "recomputed_re_upper": 0.0006625499886209616,
      "status": "contains",
      "stored_im_lower": -0.0003629648804958148,
      "stored_im_upper": 0.0011645215825035293,
      "stored_re_lower": -0.000906011396834315,
      "stored_re_upper": 0.0006625500400908441,
      "strict_sector_nondestructive": true,
      "subbox_id": "s0.84_t0__s00_t012",
      "width_ratio_im": 0.9999999349225029,
      "width_ratio_re": 0.9999999343666177
    },
    {
      "box_id": "s0.84_t0",
      "contains_recomputed": true,
      "d0_neg_re_upper_rat": -0.00020839735,
      "d0_neg_re_upper_stored": -0.00022078298040979752,
      "d0_neg_re_upper_strict": -0.0002207829859813602,
      "elapsed_sec": 16.006333112716675,
      "object": "Drest",
      "overlaps_recomputed": true,
      "recomputed_im_lower": 0.0018298269736051723,
      "recomputed_im_upper": 0.002591546739499605,
      "recomputed_re_lower": -0.0018957580567149908,
      "recomputed_re_upper": -0.0011339981622303097,
      "status": "contains",
      "stored_im_lower": 0.0018298269477747971,
      "stored_im_upper": 0.0025915467653429883,
      "stored_re_lower": -0.001895758082515325,
      "stored_re_upper": -0.0011339981364183105,
      "strict_sector_nondestructive": true,
      "subbox_id": "s0.84_t0__s00_t013",
      "width_ratio_im": 0.9999999321617248,
      "width_ratio_re": 0.9999999322459342
    },
    {
      "box_id": "s0.84_t0",
      "contains_recomputed": true,
      "d0_neg_re_upper_rat": -0.00020839735,
      "d0_neg_re_upper_stored": -0.00022078298040979752,
      "d0_neg_re_upper_strict": -0.0002207829859813602,
      "elapsed_sec": 16.006333112716675,
      "object": "RvecTail",
      "overlaps_recomputed": true,
      "recomputed_im_lower": -0.0003629421715667185,
      "recomputed_im_upper": 0.001164506812450148,
      "recomputed_re_lower": -0.0009058939347455174,
      "recomputed_re_upper": 0.0006626861789487177,
      "status": "contains",
      "stored_im_lower": -0.00036294222130795297,
      "stored_im_upper": 0.0011645068621961296,
      "stored_re_lower": -0.000905893986270412,
      "stored_re_upper": 0.0006626862304634166,
      "strict_sector_nondestructive": true,
      "subbox_id": "s0.84_t0__s00_t013",
      "width_ratio_im": 0.9999999348670818,
      "width_ratio_re": 0.9999999343102811
    },
    {
      "box_id": "s0.84_t0",
      "contains_recomputed": true,
      "d0_neg_re_upper_rat": -0.00020839735,
      "d0_neg_re_upper_stored": -0.0002217296922158017,
      "d0_neg_re_upper_strict": -0.000221729697782832,
      "elapsed_sec": 15.353423595428467,
      "object": "Drest",
      "overlaps_recomputed": true,
      "recomputed_im_lower": 0.001831990325136076,
      "recomputed_im_upper": 0.0025936888454383285,