{
  "done": true,
  "rows": [
    {
      "box_id": "s0.84_t7",
      "contains_recomputed": true,
      "d0_neg_re_upper_rat": -0.000438467649,
      "d0_neg_re_upper_stored": -0.0004424501080802042,
      "d0_neg_re_upper_strict": -0.0004424501136100363,
      "elapsed_sec": 15.685450553894043,
      "object": "Drest",
      "overlaps_recomputed": true,
      "recomputed_im_lower": 0.0022449812977069893,
      "recomputed_im_upper": 0.002998127756343987,
      "recomputed_re_lower": -0.0009455015918943284,
      "recomputed_re_upper": -0.00019280758181304433,
      "status": "contains",
      "stored_im_lower": 0.0022449812721319997,
      "stored_im_upper": 0.002998127781931861,
      "stored_re_lower": -0.0009455016173995855,
      "stored_re_upper": -0.00019280755629641673,
      "strict_sector_nondestructive": true,
      "subbox_id": "s0.84_t7__s00_t006",
      "width_ratio_im": 0.9999999320678477,
      "width_ratio_re": 0.999999932214312
    },
    {
      "box_id": "s0.84_t7",
      "contains_recomputed": true,
      "d0_neg_re_upper_rat": -0.000438467649,
      "d0_neg_re_upper_stored": -0.0004424501080802042,
      "d0_neg_re_upper_strict": -0.0004424501136100363,
      "elapsed_sec": 15.685450553894043,
      "object": "RvecTail",
      "overlaps_recomputed": true,
      "recomputed_im_lower": -0.00035659127054870276,
      "recomputed_im_upper": 0.0011600763711574146,
      "recomputed_re_lower": -0.0008723644243453662,
      "recomputed_re_upper": 0.0006949963543890369,
      "status": "contains",
      "stored_im_lower": -0.0003565913199197868,
      "stored_im_upper": 0.0011600764205283638,
      "stored_re_lower": -0.0008723644758059428,
      "stored_re_upper": 0.0006949964058438643,
      "strict_sector_nondestructive": true,
      "subbox_id": "s0.84_t7__s00_t006",
      "width_ratio_im": 0.9999999348954088,
      "width_ratio_re": 0.9999999343384124
    },
    {
      "box_id": "s0.84_t7",
      "contains_recomputed": true,
      "d0_neg_re_upper_rat": -0.000438467649,
      "d0_neg_re_upper_stored": -0.0004431095170555246,
      "d0_neg_re_upper_strict": -0.0004431095225880776,
      "elapsed_sec": 15.518762826919556,
      "object": "Drest",
      "overlaps_recomputed": true,
      "recomputed_im_lower": 0.002245817186070374,
      "recomputed_im_upper": 0.0029989209612865096,
      "recomputed_re_lower": -0.000941765108954253,
      "recomputed_re_upper": -0.00018911582074287233,
      "status": "contains",
      "stored_im_lower": 0.0022458171604818494,
      "stored_im_upper": 0.002998920986887937,
      "stored_re_lower": -0.0009417651344729058,
      "stored_re_upper": -0.00018911579521287331,
      "strict_sector_nondestructive": true,
      "subbox_id": "s0.84_t7__s00_t007",
      "width_ratio_im": 0.9999999320280283,
      "width_ratio_re": 0.9999999321747204
    },
    {
      "box_id": "s0.84_t7",
      "contains_recomputed": true,
      "d0_neg_re_upper_rat": -0.000438467649,
      "d0_neg_re_upper_stored": -0.0004431095170555246,
      "d0_neg_re_upper_strict": -0.0004431095225880776,
      "elapsed_sec": 15.518762826919556,
      "object": "RvecTail",
      "overlaps_recomputed": true,
      "recomputed_im_lower": -0.0003565600400238768,
      "recomputed_im_upper": 0.0011600528311946805,
      "recomputed_re_lower": -0.0008722405142432322,
      "recomputed_re_upper": 0.000695102259205051,
      "status": "contains",
      "stored_im_lower": -0.00035656008942433855,
      "stored_im_upper": 0.0011600528805950409,
      "stored_re_lower": -0.0008722405657346666,
      "stored_re_upper": 0.0006951023106906913,
      "strict_sector_nondestructive": true,
      "subbox_id": "s0.84_t7__s00_t007",
      "width_ratio_im": 0.9999999348542945,
      "width_ratio_re": 0.9999999342983108
    },
    {
      "box_id": "s0.84_t7",
      "contains_recomputed": true,
      "d0_neg_re_upper_rat": -0.000438467649,
      "d0_neg_re_upper_stored": -0.00044376772454735096,
      "d0_neg_re_upper_strict": -0.00044376773007738935,
      "elapsed_sec": 15.794753313064575,
      "object": "Drest",
      "overlaps_recomputed": true,
      "recomputed_im_lower": 0.0022466479234950487,
      "recomputed_im_upper": 0.0029997088030925827,
      "recomputed_re_lower": -0.0009380273443466277,
      "recomputed_re_upper": -0.00018542301471750138,
      "status": "contains",
      "stored_im_lower": 0.002246647897916284,
      "stored_im_upper": 0.0029997088286842187,
      "stored_re_lower": -0.00093802736985537,
      "stored_re_upper": -0.00018542298919740262,
      "strict_sector_nondestructive": true,
      "subbox_id": "s0.84_t7__s00_t008",
      "width_ratio_im": 0.9999999320501187,
      "width_ratio_re": 0.9999999321969917
    },
    {
      "box_id": "s0.84_t7",
      "contains_recomputed": true,
      "d0_neg_re_upper_rat": -0.000438467649,
      "d0_neg_re_upper_stored": -0.00044376772454735096,
      "d0_neg_re_upper_strict": -0.00044376773007738935,
      "elapsed_sec": 15.794753313064575,
      "object": "RvecTail",
      "overlaps_recomputed": true,
      "recomputed_im_lower": -0.00035652867343892214,
      "recomputed_im_upper": 0.00116002917030529,
      "recomputed_re_lower": -0.0008721161186520292,
      "recomputed_re_upper": 0.0006952076049328813,
      "status": "contains",
      "stored_im_lower": -0.0003565287228187948,
      "stored_im_upper": 0.0011600292196850175,
      "stored_re_lower": -0.0008721161701235176,
      "stored_re_upper": 0.0006952076563985991,
      "strict_sector_nondestructive": true,
      "subbox_id": "s0.84_t7__s00_t008",
      "width_ratio_im": 0.9999999348791118,
      "width_ratio_re": 0.9999999343229495
    },
    {
      "box_id": "s0.84_t7",
      "contains_recomputed": true,
      "d0_neg_re_upper_rat": -0.000438467649,
      "d0_neg_re_upper_stored": -0.00044442472640432906,
      "d0_neg_re_upper_strict": -0.000444424731935039,
      "elapsed_sec": 16.025166511535645,
      "object": "Drest",
      "overlaps_recomputed": true,
      "recomputed_im_lower": 0.0022474735585072195,
      "recomputed_im_upper": 0.0030004912293218385,
      "recomputed_re_lower": -0.0009342882464567517,
      "recomputed_re_upper": -0.0001817292287284511,
      "status": "contains",
      "stored_im_lower": 0.002247473532924215,
      "stored_im_upper": 0.0030004912549177675,
      "stored_re_lower": -0.0009342882719695563,
      "stored_re_upper": -0.0001817292032042594,
      "strict_sector_nondestructive": true,
      "subbox_id": "s0.84_t7__s00_t009",
      "width_ratio_im": 0.9999999320348885,
      "width_ratio_re": 0.9999999321820726
    },
    {
      "box_id": "s0.84_t7",
      "contains_recomputed": true,
      "d0_neg_re_upper_rat": -0.000438467649,
      "d0_neg_re_upper_stored": -0.00044442472640432906,
      "d0_neg_re_upper_strict": -0.000444424731935039,
      "elapsed_sec": 16.025166511535645,
      "object": "RvecTail",
      "overlaps_recomputed": true,
      "recomputed_im_lower": -0.00035649811084781185,
      "recomputed_im_upper": 0.0011600063279700048,
      "recomputed_re_lower": -0.0008719912853927712,
      "recomputed_re_upper": 0.0006953124394430032,
      "status": "contains",
      "stored_im_lower": -0.00035649816023901814,
      "stored_im_upper": 0.0011600063773611192,
      "stored_re_lower": -0.0008719913368769673,
      "stored_re_upper": 0.0006953124909214471,
      "strict_sector_nondestructive": true,
      "subbox_id": "s0.84_t7__s00_t009",
      "width_ratio_im": 0.9999999348618364,
      "width_ratio_re": 0.9999999343058835
    },
    {
      "box_id": "s0.84_t7",
      "contains_recomputed": true,
      "d0_neg_re_upper_rat": -0.000438467649,
      "d0_neg_re_upper_stored": -0.0004450805347903239,
      "d0_neg_re_upper_strict": -0.0004450805403198491,
      "elapsed_sec": 15.827498435974121,
      "object": "Drest",
      "overlaps_recomputed": true,
      "recomputed_im_lower": 0.002248294132646825,
      "recomputed_im_upper": 0.003001268196867502,