{
  "done": true,
  "rows": [
    {
      "box_id": "s0.86_t0",
      "contains_recomputed": true,
      "d0_neg_re_upper_rat": -0.000193680497,
      "d0_neg_re_upper_stored": -0.00021045114607150017,
      "d0_neg_re_upper_strict": -0.00021045115066859905,
      "elapsed_sec": 17.38377356529236,
      "object": "Drest",
      "overlaps_recomputed": true,
      "recomputed_im_lower": 0.001460594733099822,
      "recomputed_im_upper": 0.00209540633622545,
      "recomputed_re_lower": -0.0015013477890198248,
      "recomputed_re_upper": -0.0008664779844346094,
      "status": "contains",
      "stored_im_lower": 0.0014605947112914374,
      "stored_im_upper": 0.002095406358044881,
      "stored_re_lower": -0.0015013478107998184,
      "stored_re_upper": -0.0008664779626447994,
      "strict_sector_nondestructive": true,
      "subbox_id": "s0.86_t0__s00_t022",
      "width_ratio_im": 0.9999999312743937,
      "width_ratio_re": 0.9999999313720699
    },
    {
      "box_id": "s0.86_t0",
      "contains_recomputed": true,
      "d0_neg_re_upper_rat": -0.000193680497,
      "d0_neg_re_upper_stored": -0.00021045114607150017,
      "d0_neg_re_upper_strict": -0.00021045115066859905,
      "elapsed_sec": 17.38377356529236,
      "object": "RvecTail",
      "overlaps_recomputed": true,
      "recomputed_im_lower": -0.0002849775352147044,
      "recomputed_im_upper": 0.001046463146528605,
      "recomputed_re_lower": -0.000805107829337437,
      "recomputed_re_upper": 0.0005665855644860614,
      "status": "contains",
      "stored_im_lower": -0.0002849775788253663,
      "stored_im_upper": 0.0010464631901443023,
      "stored_re_lower": -0.0008051078746937499,
      "stored_re_upper": 0.0005665856098324813,
      "strict_sector_nondestructive": true,
      "subbox_id": "s0.86_t0__s00_t022",
      "width_ratio_im": 0.9999999344872404,
      "width_ratio_re": 0.9999999338753637
    },
    {
      "box_id": "s0.86_t0",
      "contains_recomputed": true,
      "d0_neg_re_upper_rat": -0.000193680497,
      "d0_neg_re_upper_stored": -0.00021120552700443977,
      "d0_neg_re_upper_strict": -0.00021120553160112318,
      "elapsed_sec": 15.288108587265015,
      "object": "Drest",
      "overlaps_recomputed": true,
      "recomputed_im_lower": 0.001462287465425771,
      "recomputed_im_upper": 0.002097079815911244,
      "recomputed_re_lower": -0.0014988197016579607,
      "recomputed_re_upper": -0.0008639699891951219,
      "status": "contains",
      "stored_im_lower": 0.0014622874436201123,
      "stored_im_upper": 0.002097079837727963,
      "stored_re_lower": -0.0014988197234351074,
      "stored_re_upper": -0.0008639699674081376,
      "strict_sector_nondestructive": true,
      "subbox_id": "s0.86_t0__s00_t023",
      "width_ratio_im": 0.999999931280875,
      "width_ratio_re": 0.9999999313788331
    },
    {
      "box_id": "s0.86_t0",
      "contains_recomputed": true,
      "d0_neg_re_upper_rat": -0.000193680497,
      "d0_neg_re_upper_stored": -0.00021120552700443977,
      "d0_neg_re_upper_strict": -0.00021120553160112318,
      "elapsed_sec": 15.288108587265015,
      "object": "RvecTail",
      "overlaps_recomputed": true,
      "recomputed_im_lower": -0.000284947754421636,
      "recomputed_im_upper": 0.0010464550887661636,
      "recomputed_re_lower": -0.000804993216689411,
      "recomputed_re_upper": 0.0005667199135383958,
      "status": "contains",
      "stored_im_lower": -0.00028494779802667195,
      "stored_im_upper": 0.001046455132376317,
      "stored_re_lower": -0.0008049932620431582,
      "stored_re_upper": 0.0005667199588822799,
      "strict_sector_nondestructive": true,
      "subbox_id": "s0.86_t0__s00_t023",
      "width_ratio_im": 0.9999999344937681,
      "width_ratio_re": 0.9999999338800342
    },
    {
      "box_id": "s0.86_t0",
      "contains_recomputed": true,
      "d0_neg_re_upper_rat": -0.000193680497,
      "d0_neg_re_upper_stored": -0.00021195922663676963,
      "d0_neg_re_upper_strict": -0.0002119592312317764,
      "elapsed_sec": 15.992156028747559,
      "object": "Drest",
      "overlaps_recomputed": true,
      "recomputed_im_lower": 0.001463976775190467,
      "recomputed_im_upper": 0.0020987495910442474,
      "recomputed_re_lower": -0.001496289080762398,
      "recomputed_re_upper": -0.0008614597470586451,
      "status": "contains",
      "stored_im_lower": 0.0014639767533933857,
      "stored_im_upper": 0.002098749612852355,
      "stored_re_lower": -0.0014962891025308972,
      "stored_re_upper": -0.0008614597252803633,
      "strict_sector_nondestructive": true,
      "subbox_id": "s0.86_t0__s00_t024",
      "width_ratio_im": 0.9999999313058395,
      "width_ratio_re": 0.9999999314039604
    },
    {
      "box_id": "s0.86_t0",
      "contains_recomputed": true,
      "d0_neg_re_upper_rat": -0.000193680497,
      "d0_neg_re_upper_stored": -0.00021195922663676963,
      "d0_neg_re_upper_strict": -0.0002119592312317764,
      "elapsed_sec": 15.992156028747559,
      "object": "RvecTail",
      "overlaps_recomputed": true,
      "recomputed_im_lower": -0.0002849178198054982,
      "recomputed_im_upper": 0.0010464468498565624,
      "recomputed_re_lower": -0.0008048785134677071,
      "recomputed_re_upper": 0.0005668540949212568,
      "status": "contains",
      "stored_im_lower": -0.000284917863393852,
      "stored_im_upper": 0.0010464468934499192,
      "stored_re_lower": -0.0008048785588043086,
      "stored_re_upper": 0.0005668541402479824,
      "strict_sector_nondestructive": true,
      "subbox_id": "s0.86_t0__s00_t024",
      "width_ratio_im": 0.9999999345170358,
      "width_ratio_re": 0.999999933905981
    },
    {
      "box_id": "s0.86_t0",
      "contains_recomputed": true,
      "d0_neg_re_upper_rat": -0.000193680497,
      "d0_neg_re_upper_stored": -0.00021271225415372708,
      "d0_neg_re_upper_strict": -0.00021271225875268426,
      "elapsed_sec": 15.665578365325928,
      "object": "Drest",
      "overlaps_recomputed": true,
      "recomputed_im_lower": 0.0014656626738441514,
      "recomputed_im_upper": 0.0021004156472798504,
      "recomputed_re_lower": -0.0014937559135996452,
      "recomputed_re_upper": -0.0008589472850352978,
      "status": "contains",
      "stored_im_lower": 0.0014656626520292238,
      "stored_im_upper": 0.0021004156691058267,
      "stored_re_lower": -0.0014937559353858266,
      "stored_re_upper": -0.0008589472632393125,
      "strict_sector_nondestructive": true,
      "subbox_id": "s0.86_t0__s00_t025",
      "width_ratio_im": 0.9999999312474256,
      "width_ratio_re": 0.999999931345981
    },
    {
      "box_id": "s0.86_t0",
      "contains_recomputed": true,
      "d0_neg_re_upper_rat": -0.000193680497,
      "d0_neg_re_upper_stored": -0.00021271225415372708,
      "d0_neg_re_upper_strict": -0.00021271225875268426,
      "elapsed_sec": 15.665578365325928,
      "object": "RvecTail",
      "overlaps_recomputed": true,
      "recomputed_im_lower": -0.0002848874467114802,
      "recomputed_im_upper": 0.0010464381452458236,
      "recomputed_re_lower": -0.0008047636655668166,
      "recomputed_re_upper": 0.0005669880545613136,
      "status": "contains",
      "stored_im_lower": -0.00028488749033469326,
      "stored_im_upper": 0.001046438188874088,
      "stored_re_lower": -0.0008047637109413605,
      "stored_re_upper": 0.0005669880999259711,
      "strict_sector_nondestructive": true,
      "subbox_id": "s0.86_t0__s00_t025",
      "width_ratio_im": 0.9999999344627098,
      "width_ratio_re": 0.9999999338515899
    },
    {
      "box_id": "s0.86_t0",
      "contains_recomputed": true,
      "d0_neg_re_upper_rat": -0.000193680497,
      "d0_neg_re_upper_stored": -0.00021346458535046153,
      "d0_neg_re_upper_strict": -0.00021346458994553263,
      "elapsed_sec": 19.5492205619812,
      "object": "Drest",
      "overlaps_recomputed": true,
      "recomputed_im_lower": 0.0014673450859821276,
      "recomputed_im_upper": 0.0021020780481980964,