{
  "done": true,
  "rows": [
    {
      "box_id": "s0.84_t0",
      "contains_recomputed": true,
      "d0_neg_re_upper_rat": -0.00020839735,
      "d0_neg_re_upper_stored": -0.00023676107810009032,
      "d0_neg_re_upper_strict": -0.0002367610836762303,
      "elapsed_sec": 16.211243867874146,
      "object": "Drest",
      "overlaps_recomputed": true,
      "recomputed_im_lower": 0.0018660138157196677,
      "recomputed_im_upper": 0.002627342336350187,
      "recomputed_re_lower": -0.0018419291890085015,
      "recomputed_re_upper": -0.001080579815784878,
      "status": "contains",
      "stored_im_lower": 0.0018660137898985456,
      "stored_im_upper": 0.002627342362184276,
      "stored_re_lower": -0.0018419292147974482,
      "stored_re_upper": -0.0010805797899843318,
      "strict_sector_nondestructive": true,
      "subbox_id": "s0.84_t0__s00_t030",
      "width_ratio_im": 0.9999999321512245,
      "width_ratio_re": 0.9999999322394013
    },
    {
      "box_id": "s0.84_t0",
      "contains_recomputed": true,
      "d0_neg_re_upper_rat": -0.00020839735,
      "d0_neg_re_upper_stored": -0.00023676107810009032,
      "d0_neg_re_upper_strict": -0.0002367610836762303,
      "elapsed_sec": 16.211243867874146,
      "object": "RvecTail",
      "overlaps_recomputed": true,
      "recomputed_im_lower": -0.0003625133790224898,
      "recomputed_im_upper": 0.0011642102753197277,
      "recomputed_re_lower": -0.0009039347784307949,
      "recomputed_re_upper": 0.0006650233514811087,
      "status": "contains",
      "stored_im_lower": -0.00036251342874278836,
      "stored_im_upper": 0.001164210325044339,
      "stored_re_lower": -0.0009039348299699532,
      "stored_re_upper": 0.000665023403010429,
      "strict_sector_nondestructive": true,
      "subbox_id": "s0.84_t0__s00_t030",
      "width_ratio_im": 0.9999999348638483,
      "width_ratio_re": 0.9999999343076976
    },
    {
      "box_id": "s0.84_t0",
      "contains_recomputed": true,
      "d0_neg_re_upper_rat": -0.00020839735,
      "d0_neg_re_upper_stored": -0.00023769323385872587,
      "d0_neg_re_upper_strict": -0.00023769323943036792,
      "elapsed_sec": 15.81135368347168,
      "object": "Drest",
      "overlaps_recomputed": true,
      "recomputed_im_lower": 0.0018681029715133782,
      "recomputed_im_upper": 0.0026294069131674626,
      "recomputed_re_lower": -0.0018387349911403645,
      "recomputed_re_upper": -0.0010774115783146747,
      "status": "contains",
      "stored_im_lower": 0.0018681029457140092,
      "stored_im_upper": 0.0026294069389798612,
      "stored_re_lower": -0.0018387350169074292,
      "stored_re_upper": -0.0010774115525359518,
      "strict_sector_nondestructive": true,
      "subbox_id": "s0.84_t0__s00_t031",
      "width_ratio_im": 0.999999932206099,
      "width_ratio_re": 0.9999999322944977
    },
    {
      "box_id": "s0.84_t0",
      "contains_recomputed": true,
      "d0_neg_re_upper_rat": -0.00020839735,
      "d0_neg_re_upper_stored": -0.00023769323385872587,
      "d0_neg_re_upper_strict": -0.00023769323943036792,
      "elapsed_sec": 15.81135368347168,
      "object": "RvecTail",
      "overlaps_recomputed": true,
      "recomputed_im_lower": -0.00036249074023881304,
      "recomputed_im_upper": 0.0011641952654176141,
      "recomputed_re_lower": -0.0009038174487973393,
      "recomputed_re_upper": 0.000665157874716796,
      "status": "contains",
      "stored_im_lower": -0.00036249078991521433,
      "stored_im_upper": 0.0011641953150981856,
      "stored_re_lower": -0.0009038175002922838,
      "stored_re_upper": 0.0006651579262019335,
      "strict_sector_nondestructive": true,
      "subbox_id": "s0.84_t0__s00_t031",
      "width_ratio_im": 0.999999934919842,
      "width_ratio_re": 0.999999934364758
    },
    {
      "box_id": "s0.84_t1",
      "contains_recomputed": true,
      "d0_neg_re_upper_rat": -0.000246041755,
      "d0_neg_re_upper_stored": -0.0002460417550541723,
      "d0_neg_re_upper_strict": -0.0002460417606277149,
      "elapsed_sec": 15.530763387680054,
      "object": "Drest",
      "overlaps_recomputed": true,
      "recomputed_im_lower": 0.0018867029890581352,
      "recomputed_im_upper": 0.0026477844298554115,
      "recomputed_re_lower": -0.001809854998221174,
      "recomputed_re_upper": -0.001048765920012797,
      "status": "contains",
      "stored_im_lower": 0.001886702963264747,
      "stored_im_upper": 0.0026477844556618457,
      "stored_re_lower": -0.0018098550239810868,
      "stored_re_upper": -0.0010487658942411756,
      "strict_sector_nondestructive": true,
      "subbox_id": "s0.84_t1__s00_t000",
      "width_ratio_im": 0.9999999322019744,
      "width_ratio_re": 0.9999999322923792
    },
    {
      "box_id": "s0.84_t1",
      "contains_recomputed": true,
      "d0_neg_re_upper_rat": -0.000246041755,
      "d0_neg_re_upper_stored": -0.0002460417550541723,
      "d0_neg_re_upper_strict": -0.0002460417606277149,
      "elapsed_sec": 15.530763387680054,
      "object": "RvecTail",
      "overlaps_recomputed": true,
      "recomputed_im_lower": -0.00036231913887467413,
      "recomputed_im_upper": 0.0011640916142120112,
      "recomputed_re_lower": -0.0009027614498987328,
      "recomputed_re_upper": 0.0006663642196299698,
      "status": "contains",
      "stored_im_lower": -0.00036231918854240966,
      "stored_im_upper": 0.001164091663883828,
      "stored_re_lower": -0.0009027615013977681,
      "stored_re_upper": 0.0006663642711193669,
      "strict_sector_nondestructive": true,
      "subbox_id": "s0.84_t1__s00_t000",
      "width_ratio_im": 0.9999999349195192,
      "width_ratio_re": 0.999999934365725
    },
    {
      "box_id": "s0.84_t1",
      "contains_recomputed": true,
      "d0_neg_re_upper_rat": -0.000246041755,
      "d0_neg_re_upper_stored": -0.00024696487762427904,
      "d0_neg_re_upper_strict": -0.0002469648832003222,
      "elapsed_sec": 15.454538345336914,
      "object": "Drest",
      "overlaps_recomputed": true,
      "recomputed_im_lower": 0.001888747452723728,
      "recomputed_im_upper": 0.0026498033127827724,
      "recomputed_re_lower": -0.0018066311377084709,
      "recomputed_re_upper": -0.0010455689719738356,
      "status": "contains",
      "stored_im_lower": 0.0018887474269208228,
      "stored_im_upper": 0.0026498033385986683,
      "stored_re_lower": -0.0018066311634778206,
      "stored_re_upper": -0.0010455689461928348,
      "strict_sector_nondestructive": true,
      "subbox_id": "s0.84_t1__s00_t001",
      "width_ratio_im": 0.9999999321747585,
      "width_ratio_re": 0.9999999322652611
    },
    {
      "box_id": "s0.84_t1",
      "contains_recomputed": true,
      "d0_neg_re_upper_rat": -0.000246041755,
      "d0_neg_re_upper_stored": -0.00024696487762427904,
      "d0_neg_re_upper_strict": -0.0002469648832003222,
      "elapsed_sec": 15.454538345336914,
      "object": "RvecTail",
      "overlaps_recomputed": true,
      "recomputed_im_lower": -0.0003623003295217455,
      "recomputed_im_upper": 0.0011640802793689555,
      "recomputed_re_lower": -0.0009026466576201716,
      "recomputed_re_upper": 0.0006665003195152224,
      "status": "contains",
      "stored_im_lower": -0.0003623003792093664,
      "stored_im_upper": 0.0011640803290607097,
      "stored_re_lower": -0.0009026467091406251,
      "stored_re_upper": 0.0006665003710260809,
      "strict_sector_nondestructive": true,
      "subbox_id": "s0.84_t1__s00_t001",
      "width_ratio_im": 0.9999999348921441,
      "width_ratio_re": 0.9999999343392896
    },
    {
      "box_id": "s0.84_t1",
      "contains_recomputed": true,
      "d0_neg_re_upper_rat": -0.000246041755,
      "d0_neg_re_upper_stored": -0.00024788711672223563,
      "d0_neg_re_upper_strict": -0.0002478871222989203,
      "elapsed_sec": 16.176877737045288,
      "object": "Drest",
      "overlaps_recomputed": true,
      "recomputed_im_lower": 0.0018907875188792565,
      "recomputed_im_upper": 0.0026518175082621584,