{
  "done": true,
  "rows": [
    {
      "box_id": "s0.84_t1",
      "contains_recomputed": true,
      "d0_neg_re_upper_rat": -0.000246041755,
      "d0_neg_re_upper_stored": -0.0002625195734937105,
      "d0_neg_re_upper_strict": -0.0002625195790753423,
      "elapsed_sec": 16.83006978034973,
      "object": "Drest",
      "overlaps_recomputed": true,
      "recomputed_im_lower": 0.0019228110454335668,
      "recomputed_im_upper": 0.0026834201688004057,
      "recomputed_re_lower": -0.001751383249386938,
      "recomputed_re_upper": -0.000990791247001542,
      "status": "contains",
      "stored_im_lower": 0.0019228110196301065,
      "stored_im_upper": 0.0026834201946169165,
      "stored_re_lower": -0.0017513832751545723,
      "stored_re_upper": -0.0009907912212222026,
      "strict_sector_nondestructive": true,
      "subbox_id": "s0.84_t1__s00_t018",
      "width_ratio_im": 0.9999999321333836,
      "width_ratio_re": 0.9999999322278303
    },
    {
      "box_id": "s0.84_t1",
      "contains_recomputed": true,
      "d0_neg_re_upper_rat": -0.000246041755,
      "d0_neg_re_upper_stored": -0.0002625195734937105,
      "d0_neg_re_upper_strict": -0.0002625195790753423,
      "elapsed_sec": 16.83006978034973,
      "object": "RvecTail",
      "overlaps_recomputed": true,
      "recomputed_im_lower": -0.0003619599116197784,
      "recomputed_im_upper": 0.0011638647941222173,
      "recomputed_re_lower": -0.0009006607476317219,
      "recomputed_re_upper": 0.0006687649779156194,
      "status": "contains",
      "stored_im_lower": -0.00036195996131413254,
      "stored_im_upper": 0.0011638648438202634,
      "stored_re_lower": -0.0009006607991857888,
      "stored_re_upper": 0.0006687650294604382,
      "strict_sector_nondestructive": true,
      "subbox_id": "s0.84_t1__s00_t018",
      "width_ratio_im": 0.999999934859887,
      "width_ratio_re": 0.9999999343078955
    },
    {
      "box_id": "s0.84_t1",
      "contains_recomputed": true,
      "d0_neg_re_upper_rat": -0.000246041755,
      "d0_neg_re_upper_stored": -0.00026342623426465616,
      "d0_neg_re_upper_strict": -0.0002634262398416432,
      "elapsed_sec": 15.455695629119873,
      "object": "Drest",
      "overlaps_recomputed": true,
      "recomputed_im_lower": 0.0019247727334728982,
      "recomputed_im_upper": 0.0026853570824686905,
      "recomputed_re_lower": -0.0017481086926712758,
      "recomputed_re_upper": -0.0009875431610428772,
      "status": "contains",
      "stored_im_lower": 0.0019247727076918677,
      "stored_im_upper": 0.00268535710826278,
      "stored_re_lower": -0.001748108718416324,
      "stored_re_upper": -0.00098754313528609,
      "strict_sector_nondestructive": true,
      "subbox_id": "s0.84_t1__s00_t019",
      "width_ratio_im": 0.9999999321901422,
      "width_ratio_re": 0.99999993228482
    },
    {
      "box_id": "s0.84_t1",
      "contains_recomputed": true,
      "d0_neg_re_upper_rat": -0.000246041755,
      "d0_neg_re_upper_stored": -0.00026342623426465616,
      "d0_neg_re_upper_strict": -0.0002634262398416432,
      "elapsed_sec": 15.455695629119873,
      "object": "RvecTail",
      "overlaps_recomputed": true,
      "recomputed_im_lower": -0.00036194027037943005,
      "recomputed_im_upper": 0.0011638523839574311,
      "recomputed_re_lower": -0.0009005410859867501,
      "recomputed_re_upper": 0.0006688944957659871,
      "status": "contains",
      "stored_im_lower": -0.000361940320030233,
      "stored_im_upper": 0.0011638524336119469,
      "stored_re_lower": -0.0009005411374984493,
      "stored_re_upper": 0.0006688945472684879,
      "strict_sector_nondestructive": true,
      "subbox_id": "s0.84_t1__s00_t019",
      "width_ratio_im": 0.9999999349155916,
      "width_ratio_re": 0.9999999343622673
    },
    {
      "box_id": "s0.84_t1",
      "contains_recomputed": true,
      "d0_neg_re_upper_rat": -0.000246041755,
      "d0_neg_re_upper_stored": -0.0002643319720978881,
      "d0_neg_re_upper_strict": -0.0002643319776764731,
      "elapsed_sec": 15.74935269355774,
      "object": "Drest",
      "overlaps_recomputed": true,
      "recomputed_im_lower": 0.0019267298347186354,
      "recomputed_im_upper": 0.0026872893560693245,
      "recomputed_re_lower": -0.00174483134193753,
      "recomputed_re_upper": -0.0009842923339186624,
      "status": "contains",
      "stored_im_lower": 0.0019267298089315939,
      "stored_im_upper": 0.0026872893818693762,
      "stored_re_lower": -0.0017448313676884826,
      "stored_re_upper": -0.0009842923081560774,
      "strict_sector_nondestructive": true,
      "subbox_id": "s0.84_t1__s00_t020",
      "width_ratio_im": 0.9999999321721859,
      "width_ratio_re": 0.9999999322670717
    },
    {
      "box_id": "s0.84_t1",
      "contains_recomputed": true,
      "d0_neg_re_upper_rat": -0.000246041755,
      "d0_neg_re_upper_stored": -0.0002643319720978881,
      "d0_neg_re_upper_strict": -0.0002643319776764731,
      "elapsed_sec": 15.74935269355774,
      "object": "RvecTail",
      "overlaps_recomputed": true,
      "recomputed_im_lower": -0.0003619205139362917,
      "recomputed_im_upper": 0.0011638398461674276,
      "recomputed_re_lower": -0.0009004209045922536,
      "recomputed_re_upper": 0.0006690233994935405,
      "status": "contains",
      "stored_im_lower": -0.0003619205635978779,
      "stored_im_upper": 0.0011638398958325506,
      "stored_re_lower": -0.0009004209561172648,
      "stored_re_upper": 0.0006690234510093366,
      "strict_sector_nondestructive": true,
      "subbox_id": "s0.84_t1__s00_t020",
      "width_ratio_im": 0.9999999349001945,
      "width_ratio_re": 0.9999999343456788
    },
    {
      "box_id": "s0.84_t1",
      "contains_recomputed": true,
      "d0_neg_re_upper_rat": -0.000246041755,
      "d0_neg_re_upper_stored": -0.0002652368060425437,
      "d0_neg_re_upper_strict": -0.00026523681162323327,
      "elapsed_sec": 16.360328674316406,
      "object": "Drest",
      "overlaps_recomputed": true,
      "recomputed_im_lower": 0.001928682542413608,
      "recomputed_im_upper": 0.00268921678537226,
      "recomputed_re_lower": -0.0017415510221427608,
      "recomputed_re_upper": -0.0009810389574407912,
      "status": "contains",
      "stored_im_lower": 0.0019286825166186883,
      "stored_im_upper": 0.0026892168111801967,
      "stored_re_lower": -0.0017415510479014476,
      "stored_re_upper": -0.0009810389316704156,
      "strict_sector_nondestructive": true,
      "subbox_id": "s0.84_t1__s00_t021",
      "width_ratio_im": 0.9999999321492052,
      "width_ratio_re": 0.9999999322442583
    },
    {
      "box_id": "s0.84_t1",
      "contains_recomputed": true,
      "d0_neg_re_upper_rat": -0.000246041755,
      "d0_neg_re_upper_stored": -0.0002652368060425437,
      "d0_neg_re_upper_strict": -0.00026523681162323327,
      "elapsed_sec": 16.360328674316406,
      "object": "RvecTail",
      "overlaps_recomputed": true,
      "recomputed_im_lower": -0.0003619007220995126,
      "recomputed_im_upper": 0.0011638272611692944,
      "recomputed_re_lower": -0.0009003002568156542,
      "recomputed_re_upper": 0.0006691517424978024,
      "status": "contains",
      "stored_im_lower": -0.0003619007717797456,
      "stored_im_upper": 0.001163827310853177,
      "stored_re_lower": -0.0009003003083599153,
      "stored_re_upper": 0.000669151794032919,
      "strict_sector_nondestructive": true,
      "subbox_id": "s0.84_t1__s00_t021",
      "width_ratio_im": 0.9999999348742958,
      "width_ratio_re": 0.9999999343214248
    },
    {
      "box_id": "s0.84_t1",
      "contains_recomputed": true,
      "d0_neg_re_upper_rat": -0.000246041755,
      "d0_neg_re_upper_stored": -0.00026614072648729366,
      "d0_neg_re_upper_strict": -0.0002661407320647207,
      "elapsed_sec": 16.1080265045166,
      "object": "Drest",
      "overlaps_recomputed": true,
      "recomputed_im_lower": 0.0019306307906220672,
      "recomputed_im_upper": 0.002691139431460687,