{
  "done": true,
  "rows": [
    {
      "box_id": "s0.85_t0",
      "contains_recomputed": true,
      "d0_neg_re_upper_rat": -0.000202255911,
      "d0_neg_re_upper_stored": -0.0002142075799808782,
      "d0_neg_re_upper_strict": -0.00021420758503280763,
      "elapsed_sec": 16.375516414642334,
      "object": "Drest",
      "overlaps_recomputed": true,
      "recomputed_im_lower": 0.001628299272194854,
      "recomputed_im_upper": 0.002323609119875641,
      "recomputed_re_lower": -0.0016968050445364438,
      "recomputed_re_upper": -0.0010014419259997008,
      "status": "contains",
      "stored_im_lower": 0.0016282992484841906,
      "stored_im_upper": 0.002323609143598304,
      "stored_re_lower": -0.0016968050682183214,
      "stored_re_upper": -0.0010014419023071312,
      "strict_sector_nondestructive": true,
      "subbox_id": "s0.85_t0__s00_t014",
      "width_ratio_im": 0.9999999317810275,
      "width_ratio_re": 0.999999931870928
    },
    {
      "box_id": "s0.85_t0",
      "contains_recomputed": true,
      "d0_neg_re_upper_rat": -0.000202255911,
      "d0_neg_re_upper_stored": -0.0002142075799808782,
      "d0_neg_re_upper_strict": -0.00021420758503280763,
      "elapsed_sec": 16.375516414642334,
      "object": "RvecTail",
      "overlaps_recomputed": true,
      "recomputed_im_lower": -0.00032228960995129576,
      "recomputed_im_upper": 0.0011036572041187942,
      "recomputed_re_lower": -0.000854216454191898,
      "recomputed_re_upper": 0.0006122004236449393,
      "status": "contains",
      "stored_im_lower": -0.0003222896564868584,
      "stored_im_upper": 0.0011036572506598866,
      "stored_re_lower": -0.0008542165024850582,
      "stored_re_upper": 0.0006122004719274617,
      "strict_sector_nondestructive": true,
      "subbox_id": "s0.85_t0__s00_t014",
      "width_ratio_im": 0.9999999347264232,
      "width_ratio_re": 0.9999999341417318
    },
    {
      "box_id": "s0.85_t0",
      "contains_recomputed": true,
      "d0_neg_re_upper_rat": -0.000202255911,
      "d0_neg_re_upper_stored": -0.0002150554616454317,
      "d0_neg_re_upper_strict": -0.00021505546670189696,
      "elapsed_sec": 15.361255645751953,
      "object": "Drest",
      "overlaps_recomputed": true,
      "recomputed_im_lower": 0.001630226596408741,
      "recomputed_im_upper": 0.002325516828705784,
      "recomputed_re_lower": -0.001693996712421838,
      "recomputed_re_upper": -0.0009986541320696992,
      "status": "contains",
      "stored_im_lower": 0.0016302265726787619,
      "stored_im_upper": 0.0023255168524477766,
      "stored_re_lower": -0.0016939967361229219,
      "stored_re_upper": -0.0009986541083579002,
      "strict_sector_nondestructive": true,
      "subbox_id": "s0.85_t0__s00_t015",
      "width_ratio_im": 0.9999999317235214,
      "width_ratio_re": 0.9999999318136398
    },
    {
      "box_id": "s0.85_t0",
      "contains_recomputed": true,
      "d0_neg_re_upper_rat": -0.000202255911,
      "d0_neg_re_upper_stored": -0.0002150554616454317,
      "d0_neg_re_upper_strict": -0.00021505546670189696,
      "elapsed_sec": 15.361255645751953,
      "object": "RvecTail",
      "overlaps_recomputed": true,
      "recomputed_im_lower": -0.0003222632576246824,
      "recomputed_im_upper": 0.001103646212913144,
      "recomputed_re_lower": -0.0008541030862696125,
      "recomputed_re_upper": 0.0006123387132874498,
      "status": "contains",
      "stored_im_lower": -0.0003222633042002579,
      "stored_im_upper": 0.0011036462594942499,
      "stored_re_lower": -0.0008541031346059531,
      "stored_re_upper": 0.0006123387616131439,
      "strict_sector_nondestructive": true,
      "subbox_id": "s0.85_t0__s00_t015",
      "width_ratio_im": 0.9999999346685907,
      "width_ratio_re": 0.9999999340839655
    },
    {
      "box_id": "s0.85_t0",
      "contains_recomputed": true,
      "d0_neg_re_upper_rat": -0.000202255911,
      "d0_neg_re_upper_stored": -0.0002159026065888948,
      "d0_neg_re_upper_strict": -0.0002159026116412048,
      "elapsed_sec": 15.749783277511597,
      "object": "Drest",
      "overlaps_recomputed": true,
      "recomputed_im_lower": 0.0016321501337306645,
      "recomputed_im_upper": 0.0023274204076551615,
      "recomputed_re_lower": -0.0016911854714892684,
      "recomputed_re_upper": -0.0009958638049899237,
      "status": "contains",
      "stored_im_lower": 0.0016321501100205994,
      "stored_im_upper": 0.0023274204313772674,
      "stored_re_lower": -0.0016911854951702932,
      "stored_re_upper": -0.0009958637812981337,
      "strict_sector_nondestructive": true,
      "subbox_id": "s0.85_t0__s00_t016",
      "width_ratio_im": 0.9999999317788066,
      "width_ratio_re": 0.999999931869214
    },
    {
      "box_id": "s0.85_t0",
      "contains_recomputed": true,
      "d0_neg_re_upper_rat": -0.000202255911,
      "d0_neg_re_upper_stored": -0.0002159026065888948,
      "d0_neg_re_upper_strict": -0.0002159026116412048,
      "elapsed_sec": 15.749783277511597,
      "object": "RvecTail",
      "overlaps_recomputed": true,
      "recomputed_im_lower": -0.000322236440369662,
      "recomputed_im_upper": 0.0011036347332582768,
      "recomputed_re_lower": -0.0008539898347900469,
      "recomputed_re_upper": 0.0006124770321437623,
      "status": "contains",
      "stored_im_lower": -0.0003222364869031949,
      "stored_im_upper": 0.0011036347797973188,
      "stored_re_lower": -0.0008539898830839321,
      "stored_re_upper": 0.0006124770804269795,
      "strict_sector_nondestructive": true,
      "subbox_id": "s0.85_t0__s00_t016",
      "width_ratio_im": 0.999999934725822,
      "width_ratio_re": 0.9999999341430083
    },
    {
      "box_id": "s0.85_t0",
      "contains_recomputed": true,
      "d0_neg_re_upper_rat": -0.000202255911,
      "d0_neg_re_upper_stored": -0.00021674897863438867,
      "d0_neg_re_upper_strict": -0.00021674898368694983,
      "elapsed_sec": 15.734089612960815,
      "object": "Drest",
      "overlaps_recomputed": true,
      "recomputed_im_lower": 0.0016340697494759305,
      "recomputed_im_upper": 0.0023293199820922923,
      "recomputed_re_lower": -0.0016883714690407907,
      "recomputed_re_upper": -0.0009930708055370956,
      "status": "contains",
      "stored_im_lower": 0.001634069725766269,
      "stored_im_upper": 0.002329320005813932,
      "stored_re_lower": -0.0016883714927213617,
      "stored_re_upper": -0.000993070781845884,
      "strict_sector_nondestructive": true,
      "subbox_id": "s0.85_t0__s00_t017",
      "width_ratio_im": 0.9999999317780914,
      "width_ratio_re": 0.9999999318686408
    },
    {
      "box_id": "s0.85_t0",
      "contains_recomputed": true,
      "d0_neg_re_upper_rat": -0.000202255911,
      "d0_neg_re_upper_stored": -0.00021674897863438867,
      "d0_neg_re_upper_strict": -0.00021674898368694983,
      "elapsed_sec": 15.734089612960815,
      "object": "RvecTail",
      "overlaps_recomputed": true,
      "recomputed_im_lower": -0.0003222091368364264,
      "recomputed_im_upper": 0.0011036227439531214,
      "recomputed_re_lower": -0.0008538768986999047,
      "recomputed_re_upper": 0.0006126155793595031,
      "status": "contains",
      "stored_im_lower": -0.0003222091833699881,
      "stored_im_upper": 0.001103622790492218,
      "stored_re_lower": -0.0008538769469966712,
      "stored_re_upper": 0.0006126156276456011,
      "strict_sector_nondestructive": true,
      "subbox_id": "s0.85_t0__s00_t017",
      "width_ratio_im": 0.9999999347239649,
      "width_ratio_re": 0.9999999341402294
    },
    {
      "box_id": "s0.85_t0",
      "contains_recomputed": true,
      "d0_neg_re_upper_rat": -0.000202255911,
      "d0_neg_re_upper_stored": -0.0002175945791891351,
      "d0_neg_re_upper_strict": -0.00021759458424615145,
      "elapsed_sec": 15.911668539047241,
      "object": "Drest",
      "overlaps_recomputed": true,
      "recomputed_im_lower": 0.0016359853903415399,
      "recomputed_im_upper": 0.0023312155988817287,