{
  "done": true,
  "rows": [
    {
      "box_id": "s0.84_t1",
      "contains_recomputed": true,
      "d0_neg_re_upper_rat": -0.000246041755,
      "d0_neg_re_upper_stored": -0.0002715438960233142,
      "d0_neg_re_upper_strict": -0.0002715439016063788,
      "elapsed_sec": 15.706552982330322,
      "object": "Drest",
      "overlaps_recomputed": true,
      "recomputed_im_lower": 0.001942221108479371,
      "recomputed_im_upper": 0.002702579922721713,
      "recomputed_re_lower": -0.0017185133727623178,
      "recomputed_re_upper": -0.0009581872198308244,
      "status": "contains",
      "stored_im_lower": 0.0019422210826823337,
      "stored_im_upper": 0.002702579948531742,
      "stored_re_lower": -0.0017185133985221602,
      "stored_re_upper": -0.0009581871940593533,
      "strict_sector_nondestructive": true,
      "subbox_id": "s0.84_t1__s00_t028",
      "width_ratio_im": 0.9999999321280141,
      "width_ratio_re": 0.9999999322247304
    },
    {
      "box_id": "s0.84_t1",
      "contains_recomputed": true,
      "d0_neg_re_upper_rat": -0.000246041755,
      "d0_neg_re_upper_stored": -0.0002715438960233142,
      "d0_neg_re_upper_strict": -0.0002715439016063788,
      "elapsed_sec": 15.706552982330322,
      "object": "RvecTail",
      "overlaps_recomputed": true,
      "recomputed_im_lower": -0.0003617552336426591,
      "recomputed_im_upper": 0.0011637318908588978,
      "recomputed_re_lower": -0.0008994500477233446,
      "recomputed_re_upper": 0.0006700418340233565,
      "status": "contains",
      "stored_im_lower": -0.00036175528332792916,
      "stored_im_upper": 0.0011637319405476388,
      "stored_re_lower": -0.0008994500992819363,
      "stored_re_upper": 0.0006700418855729038,
      "strict_sector_nondestructive": true,
      "subbox_id": "s0.84_t1__s00_t028",
      "width_ratio_im": 0.9999999348575266,
      "width_ratio_re": 0.9999999343047685
    },
    {
      "box_id": "s0.84_t1",
      "contains_recomputed": true,
      "d0_neg_re_upper_rat": -0.000246041755,
      "d0_neg_re_upper_stored": -0.00027244113353548725,
      "d0_neg_re_upper_strict": -0.00027244113911387206,
      "elapsed_sec": 19.008484363555908,
      "object": "Drest",
      "overlaps_recomputed": true,
      "recomputed_im_lower": 0.0019441367255669682,
      "recomputed_im_upper": 0.002704470274237529,
      "recomputed_re_lower": -0.0017152113467345208,
      "recomputed_re_upper": -0.0009549118496402812,
      "status": "contains",
      "stored_im_lower": 0.001944136699792136,
      "stored_im_upper": 0.002704470300025392,
      "stored_re_lower": -0.0017152113724720418,
      "stored_re_upper": -0.0009549118238911008,
      "strict_sector_nondestructive": true,
      "subbox_id": "s0.84_t1__s00_t029",
      "width_ratio_im": 0.9999999321841159,
      "width_ratio_re": 0.999999932281031
    },
    {
      "box_id": "s0.84_t1",
      "contains_recomputed": true,
      "d0_neg_re_upper_rat": -0.000246041755,
      "d0_neg_re_upper_stored": -0.00027244113353548725,
      "d0_neg_re_upper_strict": -0.00027244113911387206,
      "elapsed_sec": 19.008484363555908,
      "object": "RvecTail",
      "overlaps_recomputed": true,
      "recomputed_im_lower": -0.00036173366049518696,
      "recomputed_im_upper": 0.0011637174319031657,
      "recomputed_re_lower": -0.0008993271648948557,
      "recomputed_re_upper": 0.0006701671900958031,
      "status": "contains",
      "stored_im_lower": -0.0003617337101357419,
      "stored_im_upper": 0.0011637174815471722,
      "stored_re_lower": -0.0008993272164085899,
      "stored_re_upper": 0.0006701672416005451,
      "strict_sector_nondestructive": true,
      "subbox_id": "s0.84_t1__s00_t029",
      "width_ratio_im": 0.9999999349146259,
      "width_ratio_re": 0.9999999343620005
    },
    {
      "box_id": "s0.84_t1",
      "contains_recomputed": true,
      "d0_neg_re_upper_rat": -0.000246041755,
      "d0_neg_re_upper_stored": -0.00027333744335000397,
      "d0_neg_re_upper_strict": -0.0002733374489306066,
      "elapsed_sec": 17.440807819366455,
      "object": "Drest",
      "overlaps_recomputed": true,
      "recomputed_im_lower": 0.001946047891694654,
      "recomputed_im_upper": 0.0027063557734143826,
      "recomputed_re_lower": -0.001711906437121084,
      "recomputed_re_upper": -0.000951633958260214,
      "status": "contains",
      "stored_im_lower": 0.001946047865911125,
      "stored_im_upper": 0.002706355799210906,
      "stored_re_lower": -0.0017119064628672166,
      "stored_re_upper": -0.0009516339325024957,
      "strict_sector_nondestructive": true,
      "subbox_id": "s0.84_t1__s00_t030",
      "width_ratio_im": 0.9999999321589974,
      "width_ratio_re": 0.9999999322560675
    },
    {
      "box_id": "s0.84_t1",
      "contains_recomputed": true,
      "d0_neg_re_upper_rat": -0.000246041755,
      "d0_neg_re_upper_stored": -0.00027333744335000397,
      "d0_neg_re_upper_strict": -0.0002733374489306066,
      "elapsed_sec": 17.440807819366455,
      "object": "RvecTail",
      "overlaps_recomputed": true,
      "recomputed_im_lower": -0.00036171243175028373,
      "recomputed_im_upper": 0.0011637033065367115,
      "recomputed_re_lower": -0.000899203876491934,
      "recomputed_re_upper": 0.0006702920467997274,
      "status": "contains",
      "stored_im_lower": -0.00036171248140818473,
      "stored_im_upper": 0.0011637033561980514,
      "stored_re_lower": -0.0008992039280247822,
      "stored_re_upper": 0.0006702920983235692,
      "strict_sector_nondestructive": true,
      "subbox_id": "s0.84_t1__s00_t030",
      "width_ratio_im": 0.999999934890383,
      "width_ratio_re": 0.9999999343377184
    },
    {
      "box_id": "s0.84_t1",
      "contains_recomputed": true,
      "d0_neg_re_upper_rat": -0.000246041755,
      "d0_neg_re_upper_stored": -0.00027423283479403995,
      "d0_neg_re_upper_strict": -0.0002742328403754308,
      "elapsed_sec": 20.19089698791504,
      "object": "Drest",
      "overlaps_recomputed": true,
      "recomputed_im_lower": 0.0019479546326021213,
      "recomputed_im_upper": 0.0027082363854749264,
      "recomputed_re_lower": -0.0017085986186679118,
      "recomputed_re_upper": -0.0009483535876855958,
      "status": "contains",
      "stored_im_lower": 0.0019479546068162858,
      "stored_im_upper": 0.0027082364112737257,
      "stored_re_lower": -0.0017085986444161673,
      "stored_re_upper": -0.0009483535619257249,
      "strict_sector_nondestructive": true,
      "subbox_id": "s0.84_t1__s00_t031",
      "width_ratio_im": 0.9999999321506388,
      "width_ratio_re": 0.9999999322479979
    },
    {
      "box_id": "s0.84_t1",
      "contains_recomputed": true,
      "d0_neg_re_upper_rat": -0.000246041755,
      "d0_neg_re_upper_stored": -0.00027423283479403995,
      "d0_neg_re_upper_strict": -0.0002742328403754308,
      "elapsed_sec": 20.19089698791504,
      "object": "RvecTail",
      "overlaps_recomputed": true,
      "recomputed_im_lower": -0.00036169084339068733,
      "recomputed_im_upper": 0.001163688808563889,
      "recomputed_re_lower": -0.0008990802953021988,
      "recomputed_re_upper": 0.0006704165161006997,
      "status": "contains",
      "stored_im_lower": -0.0003616908930547322,
      "stored_im_upper": 0.0011636888582313835,
      "stored_re_lower": -0.0008990803468418401,
      "stored_re_upper": 0.000670416567631352,
      "strict_sector_nondestructive": true,
      "subbox_id": "s0.84_t1__s00_t031",
      "width_ratio_im": 0.9999999348807802,
      "width_ratio_re": 0.9999999343290881
    },
    {
      "box_id": "s0.84_t7",
      "contains_recomputed": true,
      "d0_neg_re_upper_rat": -0.000438467649,
      "d0_neg_re_upper_stored": -0.00043846764932738456,
      "d0_neg_re_upper_strict": -0.0004384676548647393,
      "elapsed_sec": 17.408058404922485,
      "object": "Drest",
      "overlaps_recomputed": true,
      "recomputed_im_lower": 0.0022398557366673623,
      "recomputed_im_upper": 0.0029932581806378176,