{
  "done": true,
  "rows": [
    {
      "box_id": "s0.85_t0",
      "contains_recomputed": true,
      "d0_neg_re_upper_rat": -0.000202255911,
      "d0_neg_re_upper_stored": -0.00020568568740836105,
      "d0_neg_re_upper_strict": -0.00020568569245852104,
      "elapsed_sec": 18.692297220230103,
      "object": "Drest",
      "overlaps_recomputed": true,
      "recomputed_im_lower": 0.001608812677332193,
      "recomputed_im_upper": 0.0023043116142004005,
      "recomputed_re_lower": -0.0017247346385347781,
      "recomputed_re_upper": -0.0010291717769611581,
      "status": "contains",
      "stored_im_lower": 0.00160881265361691,
      "stored_im_upper": 0.002304311637927723,
      "stored_re_lower": -0.001724734662222472,
      "stored_re_upper": -0.0010291717532627041,
      "strict_sector_nondestructive": true,
      "subbox_id": "s0.85_t0__s00_t004",
      "width_ratio_im": 0.999999931786233,
      "width_ratio_re": 0.9999999318736704
    },
    {
      "box_id": "s0.85_t0",
      "contains_recomputed": true,
      "d0_neg_re_upper_rat": -0.000202255911,
      "d0_neg_re_upper_stored": -0.00020568568740836105,
      "d0_neg_re_upper_strict": -0.00020568569245852104,
      "elapsed_sec": 18.692297220230103,
      "object": "RvecTail",
      "overlaps_recomputed": true,
      "recomputed_im_lower": -0.0003225472834269638,
      "recomputed_im_upper": 0.0011037599477075107,
      "recomputed_re_lower": -0.0008553868030946053,
      "recomputed_re_upper": 0.0006108493923014877,
      "status": "contains",
      "stored_im_lower": -0.00032254732997335605,
      "stored_im_upper": 0.0011037599942594625,
      "stored_re_lower": -0.0008553868513823515,
      "stored_re_upper": 0.0006108494405785635,
      "strict_sector_nondestructive": true,
      "subbox_id": "s0.85_t0__s00_t004",
      "width_ratio_im": 0.999999934727711,
      "width_ratio_re": 0.9999999341410231
    },
    {
      "box_id": "s0.85_t0",
      "contains_recomputed": true,
      "d0_neg_re_upper_rat": -0.000202255911,
      "d0_neg_re_upper_stored": -0.00020654127023131326,
      "d0_neg_re_upper_strict": -0.0002065412752816276,
      "elapsed_sec": 15.345141172409058,
      "object": "Drest",
      "overlaps_recomputed": true,
      "recomputed_im_lower": 0.001610778685079702,
      "recomputed_im_upper": 0.0023062593896086532,
      "recomputed_re_lower": -0.0017219544544744279,
      "recomputed_re_upper": -0.0010264108775543549,
      "status": "contains",
      "stored_im_lower": 0.0016107786613649081,
      "stored_im_upper": 0.002306259413335393,
      "stored_re_lower": -0.0017219544781615036,
      "stored_re_upper": -0.001026410853856619,
      "strict_sector_nondestructive": true,
      "subbox_id": "s0.85_t0__s00_t005",
      "width_ratio_im": 0.9999999317859862,
      "width_ratio_re": 0.999999931873703
    },
    {
      "box_id": "s0.85_t0",
      "contains_recomputed": true,
      "d0_neg_re_upper_rat": -0.000202255911,
      "d0_neg_re_upper_stored": -0.00020654127023131326,
      "d0_neg_re_upper_strict": -0.0002065412752816276,
      "elapsed_sec": 15.345141172409058,
      "object": "RvecTail",
      "overlaps_recomputed": true,
      "recomputed_im_lower": -0.0003225222423374379,
      "recomputed_im_upper": 0.0011037505094655964,
      "recomputed_re_lower": -0.000855270120861229,
      "recomputed_re_upper": 0.0006109852421684159,
      "status": "contains",
      "stored_im_lower": -0.00032252228888120764,
      "stored_im_upper": 0.0011037505560149352,
      "stored_re_lower": -0.0008552701691481898,
      "stored_re_upper": 0.0006109852904447322,
      "strict_sector_nondestructive": true,
      "subbox_id": "s0.85_t0__s00_t005",
      "width_ratio_im": 0.9999999347298038,
      "width_ratio_re": 0.9999999341429379
    },
    {
      "box_id": "s0.85_t0",
      "contains_recomputed": true,
      "d0_neg_re_upper_rat": -0.000202255911,
      "d0_neg_re_upper_stored": -0.00020739612087178306,
      "d0_neg_re_upper_strict": -0.00020739612592671262,
      "elapsed_sec": 20.424332857131958,
      "object": "Drest",
      "overlaps_recomputed": true,
      "recomputed_im_lower": 0.001612740838112243,
      "recomputed_im_upper": 0.0023082031793968533,
      "recomputed_re_lower": -0.001719171409394055,
      "recomputed_re_upper": -0.0010236472854169335,
      "status": "contains",
      "stored_im_lower": 0.001612740814377884,
      "stored_im_upper": 0.0023082032031431724,
      "stored_re_lower": -0.0017191714331006237,
      "stored_re_upper": -0.001023647261699715,
      "strict_sector_nondestructive": true,
      "subbox_id": "s0.85_t0__s00_t006",
      "width_ratio_im": 0.9999999317278996,
      "width_ratio_re": 0.9999999318157595
    },
    {
      "box_id": "s0.85_t0",
      "contains_recomputed": true,
      "d0_neg_re_upper_rat": -0.000202255911,
      "d0_neg_re_upper_stored": -0.00020739612087178306,
      "d0_neg_re_upper_strict": -0.00020739612592671262,
      "elapsed_sec": 20.424332857131958,
      "object": "RvecTail",
      "overlaps_recomputed": true,
      "recomputed_im_lower": -0.0003224966781365677,
      "recomputed_im_upper": 0.0011037405233078324,
      "recomputed_re_lower": -0.000855153120732743,
      "recomputed_re_upper": 0.0006111206863307935,
      "status": "contains",
      "stored_im_lower": -0.00032249672472137424,
      "stored_im_upper": 0.0011037405698982178,
      "stored_re_lower": -0.0008551531690628963,
      "stored_re_upper": 0.0006111207346503119,
      "strict_sector_nondestructive": true,
      "subbox_id": "s0.85_t0__s00_t006",
      "width_ratio_im": 0.9999999346706244,
      "width_ratio_re": 0.9999999340848449
    },
    {
      "box_id": "s0.85_t0",
      "contains_recomputed": true,
      "d0_neg_re_upper_rat": -0.000202255911,
      "d0_neg_re_upper_stored": -0.00020825023919909772,
      "d0_neg_re_upper_strict": -0.0002082502442497887,
      "elapsed_sec": 15.519353866577148,
      "object": "Drest",
      "overlaps_recomputed": true,
      "recomputed_im_lower": 0.0016146992730620552,
      "recomputed_im_upper": 0.0023101428395804384,
      "recomputed_re_lower": -0.001716385382718642,
      "recomputed_re_upper": -0.0010208811296285375,
      "status": "contains",
      "stored_im_lower": 0.0016146992493483343,
      "stored_im_upper": 0.002310142863306155,
      "stored_re_lower": -0.001716385406404436,
      "stored_re_upper": -0.0010208811059320684,
      "strict_sector_nondestructive": true,
      "subbox_id": "s0.85_t0__s00_t007",
      "width_ratio_im": 0.9999999317853574,
      "width_ratio_re": 0.9999999318735151
    },
    {
      "box_id": "s0.85_t0",
      "contains_recomputed": true,
      "d0_neg_re_upper_rat": -0.000202255911,
      "d0_neg_re_upper_stored": -0.00020825023919909772,
      "d0_neg_re_upper_strict": -0.0002082502442497887,
      "elapsed_sec": 15.519353866577148,
      "object": "RvecTail",
      "overlaps_recomputed": true,
      "recomputed_im_lower": -0.0003224709405066281,
      "recomputed_im_upper": 0.001103730339167215,
      "recomputed_re_lower": -0.0008550363055882488,
      "recomputed_re_upper": 0.0006112562280508131,
      "status": "contains",
      "stored_im_lower": -0.0003224709870497199,
      "stored_im_upper": 0.0011037303857157803,
      "stored_re_lower": -0.0008550363538775137,
      "stored_re_upper": 0.000611256276329429,
      "strict_sector_nondestructive": true,
      "subbox_id": "s0.85_t0__s00_t007",
      "width_ratio_im": 0.9999999347275506,
      "width_ratio_re": 0.9999999341414675
    },
    {
      "box_id": "s0.85_t0",
      "contains_recomputed": true,
      "d0_neg_re_upper_rat": -0.000202255911,
      "d0_neg_re_upper_stored": -0.000209103597137872,
      "d0_neg_re_upper_strict": -0.00020910360219315578,
      "elapsed_sec": 15.411882400512695,
      "object": "Drest",
      "overlaps_recomputed": true,
      "recomputed_im_lower": 0.0016166537965387074,
      "recomputed_im_upper": 0.0023120785580620796,