target_t,windings,raw_winding_min,raw_winding_max,boundary_min_abs_min,boundary_min_abs_max,interior_min_abs_min,interior_min_abs_max,classification_counts,status
21.022,"1,1,1,1,1",1.0,1.0,0.0005455170337648928,0.0006898986511077639,4.817093413234063e-07,1.0351157820755426e-05,{'zero_box_candidate': 5},stable_zero_box
32.935,"1,1,1,1,1",1.0,1.0000000000000002,0.0007023082393217406,0.0008646103710873933,5.680153471021285e-07,3.220993868792509e-05,{'zero_box_candidate': 5},stable_zero_box
37.586,"1,1,1,1,1",1.0,1.0000000000000002,0.0007861092406211993,0.0009393958515684872,4.6416121186040944e-07,4.2819920623946845e-05,{'zero_box_candidate': 5},stable_zero_box
40.919,"1,1,1,1,1",1.0,1.0,0.0008380410988088833,0.0009401833063025236,4.277746409218574e-07,1.3521080982325675e-05,{'zero_box_candidate': 5},stable_zero_box
43.327,"1,1,1,1,1",1.0,1.0,0.0009239287697883518,0.0010132538369175424,1.5032972934988066e-06,4.205514691174376e-05,{'zero_box_candidate': 5},stable_zero_box
48.005,"1,1,1,1,1",1.0,1.0,0.0008211264474951134,0.0009397310337582494,2.3494358545861314e-07,2.663467640935684e-05,{'zero_box_candidate': 5},stable_zero_box
49.774,"1,1,1,1,1",1.0,1.0,0.000777790493244706,0.0008952601177824624,8.84949296187887e-07,3.334918776165267e-05,{'zero_box_candidate': 5},stable_zero_box
