target_t,min_micro_t,max_micro_t,span_micro_t,max_drift_from_previous,min_abs_min,max_abs_min,min_curvature,max_curvature,min_valley_width_at_2x,max_valley_width_at_2x,max_phase_delta_lr,status
14.134,14.133892999997748,14.135716999997683,0.0018239999999352108,4.999998498789182e-06,5.266235055944979e-06,0.0008521655188580825,67.31287348262643,11784.626929059157,7.199999994611517e-05,0.003999999997006398,0.09456987071541034,flat_valley
25.01,25.010470000001284,25.011633000001243,0.001162999999959169,3.000002060105089e-06,7.71220417215139e-08,0.00021406962376849053,724.9193520041542,629103.0109912793,0.0,0.001881000001933586,3.1191459871227463,true_drift
30.425,30.424242000001332,30.425257000001288,0.0010149999999562453,3.9999979470906055e-06,1.7068249090870412e-07,0.0001325551408372924,1245.0062512512316,472842.12728611403,1.0000000010279564e-06,0.0011290000011605628,2.8096663143330067,true_drift
