target_t,profiles,certified_count,status_counts,windings,min_boundary_min_sample,max_boundary_min_sample,min_interpolation_error_bound,max_interpolation_error_bound,min_certified_boundary_margin,max_certified_boundary_margin,min_derivative_upper,max_derivative_upper,status
21.022,5,5,{'certified_finite_zero_box': 5},"1,1,1,1,1",0.0005455170337648928,0.0006898979243652796,0.00023252972618212123,0.0005451770973659346,3.399363989581815e-07,0.00045574616111302996,232.52972618212124,545.1770973659346,certified_all_profiles
32.935,5,5,{'certified_finite_zero_box': 5},"1,1,1,1,1",0.0007023082393217406,0.0008646103710873933,0.00023252972618212123,0.0005451770973659346,0.00015713114195580597,0.000632080644905272,232.52972618212124,545.1770973659346,certified_all_profiles
37.586,5,5,{'certified_finite_zero_box': 5},"1,1,1,1,1",0.0007861076391558317,0.0009393957737519154,0.00023252972618212123,0.0005451770973659346,0.0002409305417898971,0.0007068660475697941,232.52972618212124,545.1770973659346,certified_all_profiles
40.919,5,5,{'certified_finite_zero_box': 5},"1,1,1,1,1",0.0008380408298010334,0.0009401833063025236,0.00023252972618212123,0.0005451770973659346,0.00029286373243509877,0.0006885707419962293,232.52972618212124,545.1770973659346,certified_all_profiles
43.327,5,5,{'certified_finite_zero_box': 5},"1,1,1,1,1",0.0009239270601938632,0.001013252408408163,0.00023252972618212123,0.0005451770973659346,0.00037874996282792855,0.00077290513580426,232.52972618212124,545.1770973659346,certified_all_profiles
48.005,5,5,{'certified_finite_zero_box': 5},"1,1,1,1,1",0.0008211255620369556,0.0009397301380013394,0.00023252972618212123,0.0005451770973659346,0.000275948464671021,0.0006963469606929164,232.52972618212124,545.1770973659346,certified_all_profiles
49.774,5,5,{'certified_finite_zero_box': 5},"1,1,1,1,1",0.0007777897526236547,0.0008952601177824624,0.00023252972618212123,0.0005451770973659346,0.00023261265525772003,0.0006435571913794898,232.52972618212124,545.1770973659346,certified_all_profiles
